pilot_id,group_ID,name,keyname,level,friendlinesscap,voidIndex,can_levelup,gold,diamond,fuel_bonus_type,fuel_bonus,hit_score_bonus_type,hit_score_bonus,clear_score_bonus,clear_score_bonus,exp_bonus_type,exp_bonus,gold_bonus_type,gold_bonus,skill_property_id
½ÇÉ«ID,×éid,½ÇÉ«Ãû³Æ,Ä£ÐÍÃû³Æ,½ÇÉ«µÈ¼¶,ÓÑºÃ¶ÈÉÏÏÞ,ÉùÒôË÷Òý,ÊÇ·ñ¿ÉÒÔÉý¼¶,½ð±Ò,×êÊ¯,¼Ó³É·½Ê½,³å´ÌÊ±¼ä¼Ó³É,¼Ó³É·½Ê½,ÎÞµÐÊ±¼ä¼Ó³É,¼Ó³É·½Ê½,´ÅÌúÊ±¼ä¼Ó³É,¼Ó³É·½Ê½,ÉÁ±Ü»ý·Ö¼Ó³É,¼Ó³É·½Ê½,Éä»÷¼Ó·Ö¼Ó³É,Ö÷¶¯¼¼ÄÜ±êÊ¶ID
20100000,20100000,À­Ã×¶û,Spinny,0,100,0,1,0,-1,1,3,1,3,1,3,1,0.05,1,0.05,50003
20100001,20100000,À­Ã×¶û,Spinny,1,100,0,1,100,-1,1,3.1,1,3,1,3,1,0.05,1,0.05,50003
20100002,20100000,À­Ã×¶û,Spinny,2,100,0,1,200,-1,1,3.1,1,3.1,1,3,1,0.05,1,0.05,50003
20100003,20100000,À­Ã×¶û,Spinny,3,100,0,1,300,-1,1,3.1,1,3.1,1,3.1,1,0.05,1,0.05,50003
20100004,20100000,À­Ã×¶û,Spinny,4,100,0,1,400,-1,1,3.1,1,3.1,1,3.1,1,0.06,1,0.05,50003
20100005,20100000,À­Ã×¶û,Spinny,5,100,0,1,500,-1,1,3.1,1,3.1,1,3.1,1,0.06,1,0.06,50003
20100006,20100000,À­Ã×¶û,Spinny,6,100,0,1,600,-1,1,3.2,1,3.1,1,3.1,1,0.06,1,0.06,50003
20100007,20100000,À­Ã×¶û,Spinny,7,100,0,1,700,-1,1,3.2,1,3.2,1,3.1,1,0.06,1,0.06,50003
20100008,20100000,À­Ã×¶û,Spinny,8,100,0,1,800,-1,1,3.2,1,3.2,1,3.2,1,0.06,1,0.06,50003
20100009,20100000,À­Ã×¶û,Spinny,9,100,0,1,900,-1,1,3.2,1,3.2,1,3.2,1,0.07,1,0.06,50003
20100010,20100000,À­Ã×¶û,Spinny,10,100,0,1,1000,-1,1,3.2,1,3.2,1,3.2,1,0.07,1,0.07,50003
20100011,20100000,À­Ã×¶û,Spinny,11,100,0,1,1100,-1,1,3.3,1,3.2,1,3.2,1,0.07,1,0.07,50003
20100012,20100000,À­Ã×¶û,Spinny,12,100,0,1,1200,-1,1,3.3,1,3.3,1,3.2,1,0.07,1,0.07,50003
20100013,20100000,À­Ã×¶û,Spinny,13,100,0,1,1300,-1,1,3.3,1,3.3,1,3.3,1,0.07,1,0.07,50003
20100014,20100000,À­Ã×¶û,Spinny,14,100,0,1,1400,-1,1,3.3,1,3.3,1,3.3,1,0.08,1,0.07,50003
20100015,20100000,À­Ã×¶û,Spinny,15,100,0,1,1500,-1,1,3.3,1,3.3,1,3.3,1,0.08,1,0.08,50003
20100016,20100000,À­Ã×¶û,Spinny,16,100,0,1,1600,-1,1,3.4,1,3.3,1,3.3,1,0.08,1,0.08,50003
20100017,20100000,À­Ã×¶û,Spinny,17,100,0,1,1700,-1,1,3.4,1,3.4,1,3.3,1,0.08,1,0.08,50003
20100018,20100000,À­Ã×¶û,Spinny,18,100,0,1,1800,-1,1,3.4,1,3.4,1,3.4,1,0.08,1,0.08,50003
20100019,20100000,À­Ã×¶û,Spinny,19,100,0,1,1900,-1,1,3.4,1,3.4,1,3.4,1,0.09,1,0.08,50003
20100020,20100000,À­Ã×¶û,Spinny,20,100,0,1,2000,-1,1,3.4,1,3.4,1,3.4,1,0.09,1,0.09,50003
20100021,20100000,À­Ã×¶û,Spinny,21,100,0,1,2100,-1,1,3.5,1,3.4,1,3.4,1,0.09,1,0.09,50003
20100022,20100000,À­Ã×¶û,Spinny,22,100,0,1,2200,-1,1,3.5,1,3.5,1,3.4,1,0.09,1,0.09,50003
20100023,20100000,À­Ã×¶û,Spinny,23,100,0,1,2300,-1,1,3.5,1,3.5,1,3.5,1,0.09,1,0.09,50003
20100024,20100000,À­Ã×¶û,Spinny,24,100,0,1,2400,-1,1,3.5,1,3.5,1,3.5,1,0.1,1,0.09,50003
20100025,20100000,À­Ã×¶û,Spinny,25,100,0,1,2500,-1,1,3.5,1,3.5,1,3.5,1,0.1,1,0.1,50003
20100026,20100000,À­Ã×¶û,Spinny,26,100,0,1,2600,-1,1,3.6,1,3.5,1,3.5,1,0.1,1,0.1,50003
20100027,20100000,À­Ã×¶û,Spinny,27,100,0,1,2700,-1,1,3.6,1,3.6,1,3.5,1,0.1,1,0.1,50003
20100028,20100000,À­Ã×¶û,Spinny,28,100,0,1,2800,-1,1,3.6,1,3.6,1,3.6,1,0.1,1,0.1,50003
20100029,20100000,À­Ã×¶û,Spinny,29,100,0,1,2900,-1,1,3.6,1,3.6,1,3.6,1,0.11,1,0.1,50003
20100030,20100000,À­Ã×¶û,Spinny,30,100,0,1,3000,-1,1,3.6,1,3.6,1,3.6,1,0.11,1,0.11,50003
20100031,20100000,À­Ã×¶û,Spinny,31,100,0,1,3100,-1,1,3.7,1,3.6,1,3.6,1,0.11,1,0.11,50003
20100032,20100000,À­Ã×¶û,Spinny,32,100,0,1,3200,-1,1,3.7,1,3.7,1,3.6,1,0.11,1,0.11,50003
20100033,20100000,À­Ã×¶û,Spinny,33,100,0,1,3300,-1,1,3.7,1,3.7,1,3.7,1,0.11,1,0.11,50003
20100034,20100000,À­Ã×¶û,Spinny,34,100,0,1,3400,-1,1,3.7,1,3.7,1,3.7,1,0.12,1,0.11,50003
20100035,20100000,À­Ã×¶û,Spinny,35,100,0,1,3500,-1,1,3.7,1,3.7,1,3.7,1,0.12,1,0.12,50003
20100036,20100000,À­Ã×¶û,Spinny,36,100,0,1,3600,-1,1,3.8,1,3.7,1,3.7,1,0.12,1,0.12,50003
20100037,20100000,À­Ã×¶û,Spinny,37,100,0,1,3700,-1,1,3.8,1,3.8,1,3.7,1,0.12,1,0.12,50003
20100038,20100000,À­Ã×¶û,Spinny,38,100,0,1,3800,-1,1,3.8,1,3.8,1,3.8,1,0.12,1,0.12,50003
20100039,20100000,À­Ã×¶û,Spinny,39,100,0,1,3900,-1,1,3.8,1,3.8,1,3.8,1,0.13,1,0.12,50003
20100040,20100000,À­Ã×¶û,Spinny,40,100,0,1,4000,-1,1,3.8,1,3.8,1,3.8,1,0.13,1,0.13,50003
20100041,20100000,À­Ã×¶û,Spinny,41,100,0,1,-1,5,1,3.9,1,3.8,1,3.8,1,0.13,1,0.13,50003
20100042,20100000,À­Ã×¶û,Spinny,42,100,0,1,-1,10,1,3.9,1,3.9,1,3.8,1,0.13,1,0.13,50003
20100043,20100000,À­Ã×¶û,Spinny,43,100,0,1,-1,15,1,3.9,1,3.9,1,3.9,1,0.13,1,0.13,50003
20100044,20100000,À­Ã×¶û,Spinny,44,100,0,1,-1,20,1,3.9,1,3.9,1,3.9,1,0.14,1,0.13,50003
20100045,20100000,À­Ã×¶û,Spinny,45,100,0,1,-1,25,1,3.9,1,3.9,1,3.9,1,0.14,1,0.14,50003
20100046,20100000,À­Ã×¶û,Spinny,46,100,0,1,-1,30,1,4,1,3.9,1,3.9,1,0.14,1,0.14,50003
20100047,20100000,À­Ã×¶û,Spinny,47,100,0,1,-1,35,1,4,1,4,1,3.9,1,0.14,1,0.14,50003
20100048,20100000,À­Ã×¶û,Spinny,48,100,0,1,-1,40,1,4,1,4,1,4,1,0.14,1,0.14,50003
20100049,20100000,À­Ã×¶û,Spinny,49,100,0,1,-1,45,1,4,1,4,1,4,1,0.15,1,0.14,50003
20100050,20100000,À­Ã×¶û,Spinny,50,100,0,0,-1,-1,1,4,1,4,1,4,1,0.15,1,0.15,50003
20200000,20200000,°²ÄÝ,Charles,0,100,0,1,0,-1,1,3,1,3,1,3,1,0.05,1,0.05,50003
20200001,20200000,°²ÄÝ,Charles,1,100,0,1,200,-1,1,3.1,1,3,1,3,1,0.05,1,0.05,50003
20200002,20200000,°²ÄÝ,Charles,2,100,0,1,400,-1,1,3.1,1,3.1,1,3,1,0.05,1,0.05,50003
20200003,20200000,°²ÄÝ,Charles,3,100,0,1,600,-1,1,3.1,1,3.1,1,3.1,1,0.05,1,0.05,50003
20200004,20200000,°²ÄÝ,Charles,4,100,0,1,800,-1,1,3.1,1,3.1,1,3.1,1,0.06,1,0.05,50003
20200005,20200000,°²ÄÝ,Charles,5,100,0,1,1000,-1,1,3.1,1,3.1,1,3.1,1,0.06,1,0.06,50003
20200006,20200000,°²ÄÝ,Charles,6,100,0,1,1200,-1,1,3.2,1,3.1,1,3.1,1,0.06,1,0.06,50003
20200007,20200000,°²ÄÝ,Charles,7,100,0,1,1400,-1,1,3.2,1,3.2,1,3.1,1,0.06,1,0.06,50003
20200008,20200000,°²ÄÝ,Charles,8,100,0,1,1600,-1,1,3.2,1,3.2,1,3.2,1,0.06,1,0.06,50003
20200009,20200000,°²ÄÝ,Charles,9,100,0,1,1800,-1,1,3.2,1,3.2,1,3.2,1,0.07,1,0.06,50003
20200010,20200000,°²ÄÝ,Charles,10,100,0,1,2000,-1,1,3.2,1,3.2,1,3.2,1,0.07,1,0.07,50003
20200011,20200000,°²ÄÝ,Charles,11,100,0,1,2200,-1,1,3.3,1,3.2,1,3.2,1,0.07,1,0.07,50003
20200012,20200000,°²ÄÝ,Charles,12,100,0,1,2400,-1,1,3.3,1,3.3,1,3.2,1,0.07,1,0.07,50003
20200013,20200000,°²ÄÝ,Charles,13,100,0,1,2600,-1,1,3.3,1,3.3,1,3.3,1,0.07,1,0.07,50003
20200014,20200000,°²ÄÝ,Charles,14,100,0,1,2800,-1,1,3.3,1,3.3,1,3.3,1,0.08,1,0.07,50003
20200015,20200000,°²ÄÝ,Charles,15,100,0,1,3000,-1,1,3.3,1,3.3,1,3.3,1,0.08,1,0.08,50003
20200016,20200000,°²ÄÝ,Charles,16,100,0,1,3200,-1,1,3.4,1,3.3,1,3.3,1,0.08,1,0.08,50003
20200017,20200000,°²ÄÝ,Charles,17,100,0,1,3400,-1,1,3.4,1,3.4,1,3.3,1,0.08,1,0.08,50003
20200018,20200000,°²ÄÝ,Charles,18,100,0,1,3600,-1,1,3.4,1,3.4,1,3.4,1,0.08,1,0.08,50003
20200019,20200000,°²ÄÝ,Charles,19,100,0,1,3800,-1,1,3.4,1,3.4,1,3.4,1,0.09,1,0.08,50003
20200020,20200000,°²ÄÝ,Charles,20,100,0,1,4000,-1,1,3.4,1,3.4,1,3.4,1,0.09,1,0.09,50003
20200021,20200000,°²ÄÝ,Charles,21,100,0,1,4200,-1,1,3.5,1,3.4,1,3.4,1,0.09,1,0.09,50003
20200022,20200000,°²ÄÝ,Charles,22,100,0,1,4400,-1,1,3.5,1,3.5,1,3.4,1,0.09,1,0.09,50003
20200023,20200000,°²ÄÝ,Charles,23,100,0,1,4600,-1,1,3.5,1,3.5,1,3.5,1,0.09,1,0.09,50003
20200024,20200000,°²ÄÝ,Charles,24,100,0,1,4800,-1,1,3.5,1,3.5,1,3.5,1,0.1,1,0.09,50003
20200025,20200000,°²ÄÝ,Charles,25,100,0,1,5000,-1,1,3.5,1,3.5,1,3.5,1,0.1,1,0.1,50003
20200026,20200000,°²ÄÝ,Charles,26,100,0,1,5200,-1,1,3.6,1,3.5,1,3.5,1,0.1,1,0.1,50003
20200027,20200000,°²ÄÝ,Charles,27,100,0,1,5400,-1,1,3.6,1,3.6,1,3.5,1,0.1,1,0.1,50003
20200028,20200000,°²ÄÝ,Charles,28,100,0,1,5600,-1,1,3.6,1,3.6,1,3.6,1,0.1,1,0.1,50003
20200029,20200000,°²ÄÝ,Charles,29,100,0,1,5800,-1,1,3.6,1,3.6,1,3.6,1,0.11,1,0.1,50003
20200030,20200000,°²ÄÝ,Charles,30,100,0,1,6000,-1,1,3.6,1,3.6,1,3.6,1,0.11,1,0.11,50003
20200031,20200000,°²ÄÝ,Charles,31,100,0,1,6200,-1,1,3.7,1,3.6,1,3.6,1,0.11,1,0.11,50003
20200032,20200000,°²ÄÝ,Charles,32,100,0,1,6400,-1,1,3.7,1,3.7,1,3.6,1,0.11,1,0.11,50003
20200033,20200000,°²ÄÝ,Charles,33,100,0,1,6600,-1,1,3.7,1,3.7,1,3.7,1,0.11,1,0.11,50003
20200034,20200000,°²ÄÝ,Charles,34,100,0,1,6800,-1,1,3.7,1,3.7,1,3.7,1,0.12,1,0.11,50003
20200035,20200000,°²ÄÝ,Charles,35,100,0,1,7000,-1,1,3.7,1,3.7,1,3.7,1,0.12,1,0.12,50003
20200036,20200000,°²ÄÝ,Charles,36,100,0,1,7200,-1,1,3.8,1,3.7,1,3.7,1,0.12,1,0.12,50003
20200037,20200000,°²ÄÝ,Charles,37,100,0,1,7400,-1,1,3.8,1,3.8,1,3.7,1,0.12,1,0.12,50003
20200038,20200000,°²ÄÝ,Charles,38,100,0,1,7600,-1,1,3.8,1,3.8,1,3.8,1,0.12,1,0.12,50003
20200039,20200000,°²ÄÝ,Charles,39,100,0,1,7800,-1,1,3.8,1,3.8,1,3.8,1,0.13,1,0.12,50003
20200040,20200000,°²ÄÝ,Charles,40,100,0,1,8000,-1,1,3.8,1,3.8,1,3.8,1,0.13,1,0.13,50003
20200041,20200000,°²ÄÝ,Charles,41,100,0,1,8200,-1,1,3.9,1,3.8,1,3.8,1,0.13,1,0.13,50003
20200042,20200000,°²ÄÝ,Charles,42,100,0,1,8400,-1,1,3.9,1,3.9,1,3.8,1,0.13,1,0.13,50003
20200043,20200000,°²ÄÝ,Charles,43,100,0,1,8600,-1,1,3.9,1,3.9,1,3.9,1,0.13,1,0.13,50003
20200044,20200000,°²ÄÝ,Charles,44,100,0,1,8800,-1,1,3.9,1,3.9,1,3.9,1,0.14,1,0.13,50003
20200045,20200000,°²ÄÝ,Charles,45,100,0,1,-1,50,1,3.9,1,3.9,1,3.9,1,0.14,1,0.14,50003
20200046,20200000,°²ÄÝ,Charles,46,100,0,1,-1,60,1,4,1,3.9,1,3.9,1,0.14,1,0.14,50003
20200047,20200000,°²ÄÝ,Charles,47,100,0,1,-1,70,1,4,1,4,1,3.9,1,0.14,1,0.14,50003
20200048,20200000,°²ÄÝ,Charles,48,100,0,1,-1,80,1,4,1,4,1,4,1,0.14,1,0.14,50003
20200049,20200000,°²ÄÝ,Charles,49,100,0,1,-1,90,1,4,1,4,1,4,1,0.15,1,0.14,50003
20200050,20200000,°²ÄÝ,Charles,50,100,0,1,-1,100,1,4,1,4,1,4,1,0.15,1,0.15,50003
20200051,20200000,°²ÄÝ,Charles,51,100,0,1,-1,110,1,4.1,1,4,1,4,1,0.15,1,0.15,50003
20200052,20200000,°²ÄÝ,Charles,52,100,0,1,-1,120,1,4.1,1,4.1,1,4,1,0.15,1,0.15,50003
20200053,20200000,°²ÄÝ,Charles,53,100,0,1,-1,130,1,4.1,1,4.1,1,4.1,1,0.15,1,0.15,50003
20200054,20200000,°²ÄÝ,Charles,54,100,0,1,-1,140,1,4.1,1,4.1,1,4.1,1,0.16,1,0.15,50003
20200055,20200000,°²ÄÝ,Charles,55,100,0,1,-1,150,1,4.1,1,4.1,1,4.1,1,0.16,1,0.16,50003
20200056,20200000,°²ÄÝ,Charles,56,100,0,1,-1,160,1,4.2,1,4.1,1,4.1,1,0.16,1,0.16,50003
20200057,20200000,°²ÄÝ,Charles,57,100,0,1,-1,170,1,4.2,1,4.2,1,4.1,1,0.16,1,0.16,50003
20200058,20200000,°²ÄÝ,Charles,58,100,0,1,-1,180,1,4.2,1,4.2,1,4.2,1,0.16,1,0.16,50003
20200059,20200000,°²ÄÝ,Charles,59,100,0,1,-1,190,1,4.2,1,4.2,1,4.2,1,0.17,1,0.16,50003
20200060,20200000,°²ÄÝ,Charles,60,100,0,0,-1,-1,1,4.2,1,4.2,1,4.2,1,0.17,1,0.17,50003
20300000,20300000,°¢ÃÛÀòÑÅ,Amelia,0,100,0,1,100,0,1,3,1,3,1,3,1,0.05,1,0.05,50003
20300001,20300000,°¢ÃÛÀòÑÅ,Amelia,1,100,0,1,100,0,1,3.1,1,3,1,3,1,0.05,1,0.05,50003
20300002,20300000,°¢ÃÛÀòÑÅ,Amelia,2,100,0,1,100,0,1,3.1,1,3.1,1,3,1,0.05,1,0.05,50003
20300003,20300000,°¢ÃÛÀòÑÅ,Amelia,3,100,0,1,100,0,1,3.1,1,3.1,1,3.1,1,0.05,1,0.05,50003
20300004,20300000,°¢ÃÛÀòÑÅ,Amelia,4,100,0,1,100,0,1,3.1,1,3.1,1,3.1,1,0.06,1,0.05,50003
20300005,20300000,°¢ÃÛÀòÑÅ,Amelia,5,100,0,1,100,0,1,3.1,1,3.1,1,3.1,1,0.06,1,0.06,50003
20300006,20300000,°¢ÃÛÀòÑÅ,Amelia,6,100,0,1,100,0,1,3.2,1,3.1,1,3.1,1,0.06,1,0.06,50003
20300007,20300000,°¢ÃÛÀòÑÅ,Amelia,7,100,0,1,100,0,1,3.2,1,3.2,1,3.1,1,0.06,1,0.06,50003
20300008,20300000,°¢ÃÛÀòÑÅ,Amelia,8,100,0,1,100,0,1,3.2,1,3.2,1,3.2,1,0.06,1,0.06,50003
20300009,20300000,°¢ÃÛÀòÑÅ,Amelia,9,100,0,1,100,0,1,3.2,1,3.2,1,3.2,1,0.07,1,0.06,50003
20300010,20300000,°¢ÃÛÀòÑÅ,Amelia,10,100,0,1,100,0,1,3.2,1,3.2,1,3.2,1,0.07,1,0.07,50003
20300011,20300000,°¢ÃÛÀòÑÅ,Amelia,11,100,0,1,100,0,1,3.3,1,3.2,1,3.2,1,0.07,1,0.07,50003
20300012,20300000,°¢ÃÛÀòÑÅ,Amelia,12,100,0,1,100,0,1,3.3,1,3.3,1,3.2,1,0.07,1,0.07,50003
20300013,20300000,°¢ÃÛÀòÑÅ,Amelia,13,100,0,1,100,0,1,3.3,1,3.3,1,3.3,1,0.07,1,0.07,50003
20300014,20300000,°¢ÃÛÀòÑÅ,Amelia,14,100,0,1,100,0,1,3.3,1,3.3,1,3.3,1,0.08,1,0.07,50003
20300015,20300000,°¢ÃÛÀòÑÅ,Amelia,15,100,0,1,100,0,1,3.3,1,3.3,1,3.3,1,0.08,1,0.08,50003
20300016,20300000,°¢ÃÛÀòÑÅ,Amelia,16,100,0,1,100,0,1,3.4,1,3.3,1,3.3,1,0.08,1,0.08,50003
20300017,20300000,°¢ÃÛÀòÑÅ,Amelia,17,100,0,1,100,0,1,3.4,1,3.4,1,3.3,1,0.08,1,0.08,50003
20300018,20300000,°¢ÃÛÀòÑÅ,Amelia,18,100,0,1,100,0,1,3.4,1,3.4,1,3.4,1,0.08,1,0.08,50003
20300019,20300000,°¢ÃÛÀòÑÅ,Amelia,19,100,0,1,100,0,1,3.4,1,3.4,1,3.4,1,0.09,1,0.08,50003
20300020,20300000,°¢ÃÛÀòÑÅ,Amelia,20,100,0,1,100,0,1,3.4,1,3.4,1,3.4,1,0.09,1,0.09,50003
20300021,20300000,°¢ÃÛÀòÑÅ,Amelia,21,100,0,1,100,0,1,3.5,1,3.4,1,3.4,1,0.09,1,0.09,50003
20300022,20300000,°¢ÃÛÀòÑÅ,Amelia,22,100,0,1,100,0,1,3.5,1,3.5,1,3.4,1,0.09,1,0.09,50003
20300023,20300000,°¢ÃÛÀòÑÅ,Amelia,23,100,0,1,100,0,1,3.5,1,3.5,1,3.5,1,0.09,1,0.09,50003
20300024,20300000,°¢ÃÛÀòÑÅ,Amelia,24,100,0,1,100,0,1,3.5,1,3.5,1,3.5,1,0.1,1,0.09,50003
20300025,20300000,°¢ÃÛÀòÑÅ,Amelia,25,100,0,1,100,0,1,3.5,1,3.5,1,3.5,1,0.1,1,0.1,50003
20300026,20300000,°¢ÃÛÀòÑÅ,Amelia,26,100,0,1,100,0,1,3.6,1,3.5,1,3.5,1,0.1,1,0.1,50003
20300027,20300000,°¢ÃÛÀòÑÅ,Amelia,27,100,0,1,100,0,1,3.6,1,3.6,1,3.5,1,0.1,1,0.1,50003
20300028,20300000,°¢ÃÛÀòÑÅ,Amelia,28,100,0,1,100,0,1,3.6,1,3.6,1,3.6,1,0.1,1,0.1,50003
20300029,20300000,°¢ÃÛÀòÑÅ,Amelia,29,100,0,1,100,0,1,3.6,1,3.6,1,3.6,1,0.11,1,0.1,50003
20300030,20300000,°¢ÃÛÀòÑÅ,Amelia,30,100,0,1,100,0,1,3.6,1,3.6,1,3.6,1,0.11,1,0.11,50003
20300031,20300000,°¢ÃÛÀòÑÅ,Amelia,31,100,0,1,100,0,1,3.7,1,3.6,1,3.6,1,0.11,1,0.11,50003
20300032,20300000,°¢ÃÛÀòÑÅ,Amelia,32,100,0,1,100,0,1,3.7,1,3.7,1,3.6,1,0.11,1,0.11,50003
20300033,20300000,°¢ÃÛÀòÑÅ,Amelia,33,100,0,1,100,0,1,3.7,1,3.7,1,3.7,1,0.11,1,0.11,50003
20300034,20300000,°¢ÃÛÀòÑÅ,Amelia,34,100,0,1,100,0,1,3.7,1,3.7,1,3.7,1,0.12,1,0.11,50003
20300035,20300000,°¢ÃÛÀòÑÅ,Amelia,35,100,0,1,100,0,1,3.7,1,3.7,1,3.7,1,0.12,1,0.12,50003
20300036,20300000,°¢ÃÛÀòÑÅ,Amelia,36,100,0,1,100,0,1,3.8,1,3.7,1,3.7,1,0.12,1,0.12,50003
20300037,20300000,°¢ÃÛÀòÑÅ,Amelia,37,100,0,1,100,0,1,3.8,1,3.8,1,3.7,1,0.12,1,0.12,50003
20300038,20300000,°¢ÃÛÀòÑÅ,Amelia,38,100,0,1,100,0,1,3.8,1,3.8,1,3.8,1,0.12,1,0.12,50003
20300039,20300000,°¢ÃÛÀòÑÅ,Amelia,39,100,0,1,100,0,1,3.8,1,3.8,1,3.8,1,0.13,1,0.12,50003
20300040,20300000,°¢ÃÛÀòÑÅ,Amelia,40,100,0,1,100,0,1,3.8,1,3.8,1,3.8,1,0.13,1,0.13,50003
20300041,20300000,°¢ÃÛÀòÑÅ,Amelia,41,100,0,1,100,0,1,3.9,1,3.8,1,3.8,1,0.13,1,0.13,50003
20300042,20300000,°¢ÃÛÀòÑÅ,Amelia,42,100,0,1,100,0,1,3.9,1,3.9,1,3.8,1,0.13,1,0.13,50003
20300043,20300000,°¢ÃÛÀòÑÅ,Amelia,43,100,0,1,100,0,1,3.9,1,3.9,1,3.9,1,0.13,1,0.13,50003
20300044,20300000,°¢ÃÛÀòÑÅ,Amelia,44,100,0,1,100,0,1,3.9,1,3.9,1,3.9,1,0.14,1,0.13,50003
20300045,20300000,°¢ÃÛÀòÑÅ,Amelia,45,100,0,1,100,0,1,3.9,1,3.9,1,3.9,1,0.14,1,0.14,50003
20300046,20300000,°¢ÃÛÀòÑÅ,Amelia,46,100,0,1,100,0,1,4,1,3.9,1,3.9,1,0.14,1,0.14,50003
20300047,20300000,°¢ÃÛÀòÑÅ,Amelia,47,100,0,1,100,0,1,4,1,4,1,3.9,1,0.14,1,0.14,50003
20300048,20300000,°¢ÃÛÀòÑÅ,Amelia,48,100,0,1,100,0,1,4,1,4,1,4,1,0.14,1,0.14,50003
20300049,20300000,°¢ÃÛÀòÑÅ,Amelia,49,100,0,1,100,0,1,4,1,4,1,4,1,0.15,1,0.14,50003
20300050,20300000,°¢ÃÛÀòÑÅ,Amelia,50,100,0,1,100,0,1,4,1,4,1,4,1,0.15,1,0.15,50003
20300051,20300000,°¢ÃÛÀòÑÅ,Amelia,51,100,0,1,100,0,1,4.1,1,4,1,4,1,0.15,1,0.15,50003
20300052,20300000,°¢ÃÛÀòÑÅ,Amelia,52,100,0,1,100,0,1,4.1,1,4.1,1,4,1,0.15,1,0.15,50003
20300053,20300000,°¢ÃÛÀòÑÅ,Amelia,53,100,0,1,100,0,1,4.1,1,4.1,1,4.1,1,0.15,1,0.15,50003
20300054,20300000,°¢ÃÛÀòÑÅ,Amelia,54,100,0,1,100,0,1,4.1,1,4.1,1,4.1,1,0.16,1,0.15,50003
20300055,20300000,°¢ÃÛÀòÑÅ,Amelia,55,100,0,1,100,0,1,4.1,1,4.1,1,4.1,1,0.16,1,0.16,50003
20300056,20300000,°¢ÃÛÀòÑÅ,Amelia,56,100,0,1,100,0,1,4.2,1,4.1,1,4.1,1,0.16,1,0.16,50003
20300057,20300000,°¢ÃÛÀòÑÅ,Amelia,57,100,0,1,100,0,1,4.2,1,4.2,1,4.1,1,0.16,1,0.16,50003
20300058,20300000,°¢ÃÛÀòÑÅ,Amelia,58,100,0,1,100,0,1,4.2,1,4.2,1,4.2,1,0.16,1,0.16,50003
20300059,20300000,°¢ÃÛÀòÑÅ,Amelia,59,100,0,1,100,0,1,4.2,1,4.2,1,4.2,1,0.17,1,0.16,50003
20300060,20300000,°¢ÃÛÀòÑÅ,Amelia,60,100,0,1,100,0,1,4.2,1,4.2,1,4.2,1,0.17,1,0.17,50003
20300061,20300000,°¢ÃÛÀòÑÅ,Amelia,61,100,0,1,100,0,1,3,1,3,1,3,1,0.05,1,0.05,50003
20300062,20300000,°¢ÃÛÀòÑÅ,Amelia,62,100,0,1,100,0,1,4.3,1,4.2,1,4.2,1,0.17,1,0.19,50003
20300063,20300000,°¢ÃÛÀòÑÅ,Amelia,63,100,0,1,100,0,1,4.3,1,4.2,1,4.2,1,0.17,1,0.2,50003
20300064,20300000,°¢ÃÛÀòÑÅ,Amelia,64,100,0,1,100,0,1,4.3,1,4.2,1,4.2,1,0.17,1,0.21,50003
20300065,20300000,°¢ÃÛÀòÑÅ,Amelia,65,100,0,1,100,0,1,4.3,1,4.2,1,4.2,1,0.17,1,0.22,50003
20300066,20300000,°¢ÃÛÀòÑÅ,Amelia,66,100,0,1,100,0,1,4.4,1,4.2,1,4.2,1,0.17,1,0.23,50003
20300067,20300000,°¢ÃÛÀòÑÅ,Amelia,67,100,0,1,100,0,1,4.4,1,4.2,1,4.2,1,0.17,1,0.24,50003
20300068,20300000,°¢ÃÛÀòÑÅ,Amelia,68,100,0,1,100,0,1,4.4,1,4.2,1,4.2,1,0.17,1,0.25,50003
20300069,20300000,°¢ÃÛÀòÑÅ,Amelia,69,100,0,1,100,0,1,4.4,1,4.2,1,4.2,1,0.17,1,0.26,50003
20300070,20300000,°¢ÃÛÀòÑÅ,Amelia,70,100,0,0,100,0,1,4.4,1,4.2,1,4.2,1,0.17,1,0.27,50003
20400000,20400000,°®¶ûÉ¯,Elsa,0,100,0,1,100,0,1,3,1,3,1,3,1,0.05,1,0.05,50003
20400001,20400000,°®¶ûÉ¯,Elsa,1,100,0,1,100,0,1,3.1,1,3,1,3,1,0.05,1,0.05,50003
20400002,20400000,°®¶ûÉ¯,Elsa,2,100,0,1,100,0,1,3.1,1,3.1,1,3,1,0.05,1,0.05,50003
20400003,20400000,°®¶ûÉ¯,Elsa,3,100,0,1,100,0,1,3.1,1,3.1,1,3.1,1,0.05,1,0.05,50003
20400004,20400000,°®¶ûÉ¯,Elsa,4,100,0,1,100,0,1,3.1,1,3.1,1,3.1,1,0.06,1,0.05,50003
20400005,20400000,°®¶ûÉ¯,Elsa,5,100,0,1,100,0,1,3.1,1,3.1,1,3.1,1,0.06,1,0.06,50003
20400006,20400000,°®¶ûÉ¯,Elsa,6,100,0,1,100,0,1,3.2,1,3.1,1,3.1,1,0.06,1,0.06,50003
20400007,20400000,°®¶ûÉ¯,Elsa,7,100,0,1,100,0,1,3.2,1,3.2,1,3.1,1,0.06,1,0.06,50003
20400008,20400000,°®¶ûÉ¯,Elsa,8,100,0,1,100,0,1,3.2,1,3.2,1,3.2,1,0.06,1,0.06,50003
20400009,20400000,°®¶ûÉ¯,Elsa,9,100,0,1,100,0,1,3.2,1,3.2,1,3.2,1,0.07,1,0.06,50003
20400010,20400000,°®¶ûÉ¯,Elsa,10,100,0,1,100,0,1,3.2,1,3.2,1,3.2,1,0.07,1,0.07,50003
20400011,20400000,°®¶ûÉ¯,Elsa,11,100,0,1,100,0,1,3.3,1,3.2,1,3.2,1,0.07,1,0.07,50003
20400012,20400000,°®¶ûÉ¯,Elsa,12,100,0,1,100,0,1,3.3,1,3.3,1,3.2,1,0.07,1,0.07,50003
20400013,20400000,°®¶ûÉ¯,Elsa,13,100,0,1,100,0,1,3.3,1,3.3,1,3.3,1,0.07,1,0.07,50003
20400014,20400000,°®¶ûÉ¯,Elsa,14,100,0,1,100,0,1,3.3,1,3.3,1,3.3,1,0.08,1,0.07,50003
20400015,20400000,°®¶ûÉ¯,Elsa,15,100,0,1,100,0,1,3.3,1,3.3,1,3.3,1,0.08,1,0.08,50003
20400016,20400000,°®¶ûÉ¯,Elsa,16,100,0,1,100,0,1,3.4,1,3.3,1,3.3,1,0.08,1,0.08,50003
20400017,20400000,°®¶ûÉ¯,Elsa,17,100,0,1,100,0,1,3.4,1,3.4,1,3.3,1,0.08,1,0.08,50003
20400018,20400000,°®¶ûÉ¯,Elsa,18,100,0,1,100,0,1,3.4,1,3.4,1,3.4,1,0.08,1,0.08,50003
20400019,20400000,°®¶ûÉ¯,Elsa,19,100,0,1,100,0,1,3.4,1,3.4,1,3.4,1,0.09,1,0.08,50003
20400020,20400000,°®¶ûÉ¯,Elsa,20,100,0,1,100,0,1,3.4,1,3.4,1,3.4,1,0.09,1,0.09,50003
20400021,20400000,°®¶ûÉ¯,Elsa,21,100,0,1,100,0,1,3.5,1,3.4,1,3.4,1,0.09,1,0.09,50003
20400022,20400000,°®¶ûÉ¯,Elsa,22,100,0,1,100,0,1,3.5,1,3.5,1,3.4,1,0.09,1,0.09,50003
20400023,20400000,°®¶ûÉ¯,Elsa,23,100,0,1,100,0,1,3.5,1,3.5,1,3.5,1,0.09,1,0.09,50003
20400024,20400000,°®¶ûÉ¯,Elsa,24,100,0,1,100,0,1,3.5,1,3.5,1,3.5,1,0.1,1,0.09,50003
20400025,20400000,°®¶ûÉ¯,Elsa,25,100,0,1,100,0,1,3.5,1,3.5,1,3.5,1,0.1,1,0.1,50003
20400026,20400000,°®¶ûÉ¯,Elsa,26,100,0,1,100,0,1,3.6,1,3.5,1,3.5,1,0.1,1,0.1,50003
20400027,20400000,°®¶ûÉ¯,Elsa,27,100,0,1,100,0,1,3.6,1,3.6,1,3.5,1,0.1,1,0.1,50003
20400028,20400000,°®¶ûÉ¯,Elsa,28,100,0,1,100,0,1,3.6,1,3.6,1,3.6,1,0.1,1,0.1,50003
20400029,20400000,°®¶ûÉ¯,Elsa,29,100,0,1,100,0,1,3.6,1,3.6,1,3.6,1,0.11,1,0.1,50003
20400030,20400000,°®¶ûÉ¯,Elsa,30,100,0,1,100,0,1,3.6,1,3.6,1,3.6,1,0.11,1,0.11,50003
20400031,20400000,°®¶ûÉ¯,Elsa,31,100,0,1,100,0,1,3.7,1,3.6,1,3.6,1,0.11,1,0.11,50003
20400032,20400000,°®¶ûÉ¯,Elsa,32,100,0,1,100,0,1,3.7,1,3.7,1,3.6,1,0.11,1,0.11,50003
20400033,20400000,°®¶ûÉ¯,Elsa,33,100,0,1,100,0,1,3.7,1,3.7,1,3.7,1,0.11,1,0.11,50003
20400034,20400000,°®¶ûÉ¯,Elsa,34,100,0,1,100,0,1,3.7,1,3.7,1,3.7,1,0.12,1,0.11,50003
20400035,20400000,°®¶ûÉ¯,Elsa,35,100,0,1,100,0,1,3.7,1,3.7,1,3.7,1,0.12,1,0.12,50003
20400036,20400000,°®¶ûÉ¯,Elsa,36,100,0,1,100,0,1,3.8,1,3.7,1,3.7,1,0.12,1,0.12,50003
20400037,20400000,°®¶ûÉ¯,Elsa,37,100,0,1,100,0,1,3.8,1,3.8,1,3.7,1,0.12,1,0.12,50003
20400038,20400000,°®¶ûÉ¯,Elsa,38,100,0,1,100,0,1,3.8,1,3.8,1,3.8,1,0.12,1,0.12,50003
20400039,20400000,°®¶ûÉ¯,Elsa,39,100,0,1,100,0,1,3.8,1,3.8,1,3.8,1,0.13,1,0.12,50003
20400040,20400000,°®¶ûÉ¯,Elsa,40,100,0,1,100,0,1,3.8,1,3.8,1,3.8,1,0.13,1,0.13,50003
20400041,20400000,°®¶ûÉ¯,Elsa,41,100,0,1,100,0,1,3.9,1,3.8,1,3.8,1,0.13,1,0.13,50003
20400042,20400000,°®¶ûÉ¯,Elsa,42,100,0,1,100,0,1,3.9,1,3.9,1,3.8,1,0.13,1,0.13,50003
20400043,20400000,°®¶ûÉ¯,Elsa,43,100,0,1,100,0,1,3.9,1,3.9,1,3.9,1,0.13,1,0.13,50003
20400044,20400000,°®¶ûÉ¯,Elsa,44,100,0,1,100,0,1,3.9,1,3.9,1,3.9,1,0.14,1,0.13,50003
20400045,20400000,°®¶ûÉ¯,Elsa,45,100,0,1,100,0,1,3.9,1,3.9,1,3.9,1,0.14,1,0.14,50003
20400046,20400000,°®¶ûÉ¯,Elsa,46,100,0,1,100,0,1,4,1,3.9,1,3.9,1,0.14,1,0.14,50003
20400047,20400000,°®¶ûÉ¯,Elsa,47,100,0,1,100,0,1,4,1,4,1,3.9,1,0.14,1,0.14,50003
20400048,20400000,°®¶ûÉ¯,Elsa,48,100,0,1,100,0,1,4,1,4,1,4,1,0.14,1,0.14,50003
20400049,20400000,°®¶ûÉ¯,Elsa,49,100,0,1,100,0,1,4,1,4,1,4,1,0.15,1,0.14,50003
20400050,20400000,°®¶ûÉ¯,Elsa,50,100,0,1,100,0,1,4,1,4,1,4,1,0.15,1,0.15,50003
20400051,20400000,°®¶ûÉ¯,Elsa,51,100,0,1,100,0,1,4.1,1,4,1,4,1,0.15,1,0.15,50003
20400052,20400000,°®¶ûÉ¯,Elsa,52,100,0,1,100,0,1,4.1,1,4.1,1,4,1,0.15,1,0.15,50003
20400053,20400000,°®¶ûÉ¯,Elsa,53,100,0,1,100,0,1,4.1,1,4.1,1,4.1,1,0.15,1,0.15,50003
20400054,20400000,°®¶ûÉ¯,Elsa,54,100,0,1,100,0,1,4.1,1,4.1,1,4.1,1,0.16,1,0.15,50003
20400055,20400000,°®¶ûÉ¯,Elsa,55,100,0,1,100,0,1,4.1,1,4.1,1,4.1,1,0.16,1,0.16,50003
20400056,20400000,°®¶ûÉ¯,Elsa,56,100,0,1,100,0,1,4.2,1,4.1,1,4.1,1,0.16,1,0.16,50003
20400057,20400000,°®¶ûÉ¯,Elsa,57,100,0,1,100,0,1,4.2,1,4.2,1,4.1,1,0.16,1,0.16,50003
20400058,20400000,°®¶ûÉ¯,Elsa,58,100,0,1,100,0,1,4.2,1,4.2,1,4.2,1,0.16,1,0.16,50003
20400059,20400000,°®¶ûÉ¯,Elsa,59,100,0,1,100,0,1,4.2,1,4.2,1,4.2,1,0.17,1,0.16,50003
20400060,20400000,°®¶ûÉ¯,Elsa,60,100,0,1,100,0,1,4.2,1,4.2,1,4.2,1,0.17,1,0.17,50003
20400061,20400000,°®¶ûÉ¯,Elsa,61,100,0,1,100,0,1,4.3,1,4.2,1,4.2,1,0.17,1,0.18,50003
20400062,20400000,°®¶ûÉ¯,Elsa,62,100,0,1,100,0,1,4.3,1,4.2,1,4.2,1,0.17,1,0.19,50003
20400063,20400000,°®¶ûÉ¯,Elsa,63,100,0,1,100,0,1,4.3,1,4.2,1,4.2,1,0.17,1,0.2,50003
20400064,20400000,°®¶ûÉ¯,Elsa,64,100,0,1,100,0,1,4.3,1,4.2,1,4.2,1,0.17,1,0.21,50003
20400065,20400000,°®¶ûÉ¯,Elsa,65,100,0,1,100,0,1,4.3,1,4.2,1,4.2,1,0.17,1,0.22,50003
20400066,20400000,°®¶ûÉ¯,Elsa,66,100,0,1,100,0,1,4.4,1,4.2,1,4.2,1,0.17,1,0.23,50003
20400067,20400000,°®¶ûÉ¯,Elsa,67,100,0,1,100,0,1,4.4,1,4.2,1,4.2,1,0.17,1,0.24,50003
20400068,20400000,°®¶ûÉ¯,Elsa,68,100,0,1,100,0,1,4.4,1,4.2,1,4.2,1,0.17,1,0.25,50003
20400069,20400000,°®¶ûÉ¯,Elsa,69,100,0,1,100,0,1,4.4,1,4.2,1,4.2,1,0.17,1,0.26,50003
20400070,20400000,°®¶ûÉ¯,Elsa,70,100,0,1,100,0,1,4.4,1,4.2,1,4.2,1,0.17,1,0.27,50003
20400071,20400000,°®¶ûÉ¯,Elsa,71,100,0,1,100,0,1,4.5,1,4.2,1,4.2,1,0.17,1,0.28,50003
20400072,20400000,°®¶ûÉ¯,Elsa,72,100,0,1,100,0,1,4.5,1,4.2,1,4.2,1,0.17,1,0.29,50003
20400073,20400000,°®¶ûÉ¯,Elsa,73,100,0,1,100,0,1,4.5,1,4.2,1,4.2,1,0.17,1,0.3,50003
20400074,20400000,°®¶ûÉ¯,Elsa,74,100,0,1,100,0,1,4.5,1,4.2,1,4.2,1,0.17,1,0.31,50003
20400075,20400000,°®¶ûÉ¯,Elsa,75,100,0,1,100,0,1,4.5,1,4.2,1,4.2,1,0.17,1,0.32,50003
20400076,20400000,°®¶ûÉ¯,Elsa,76,100,0,1,100,0,1,4.6,1,4.2,1,4.2,1,0.17,1,0.33,50003
20400077,20400000,°®¶ûÉ¯,Elsa,77,100,0,1,100,0,1,4.6,1,4.2,1,4.2,1,0.17,1,0.34,50003
20400078,20400000,°®¶ûÉ¯,Elsa,78,100,0,1,100,0,1,4.6,1,4.2,1,4.2,1,0.17,1,0.35,50003
20400079,20400000,°®¶ûÉ¯,Elsa,79,100,0,1,100,0,1,4.6,1,4.2,1,4.2,1,0.17,1,0.36,50003
20400080,20400000,°®¶ûÉ¯,Elsa,80,100,0,0,100,0,1,4.6,1,4.2,1,4.2,1,0.17,1,0.37,50003
20500000,20500000,À­Ã×¶û,Adou_Shanxi,0,100,0,1,0,-1,1,3,1,3,1,3,1,0.05,1,0.05,50003
20500001,20500000,À­Ã×¶û,Adou_Shanxi,1,100,0,1,100,-1,1,3.1,1,3,1,3,1,0.05,1,0.05,50003
20500002,20500000,À­Ã×¶û,Adou_Shanxi,2,100,0,1,200,-1,1,3.1,1,3.1,1,3,1,0.05,1,0.05,50003
20500003,20500000,À­Ã×¶û,Adou_Shanxi,3,100,0,1,300,-1,1,3.1,1,3.1,1,3.1,1,0.05,1,0.05,50003
20500004,20500000,À­Ã×¶û,Adou_Shanxi,4,100,0,1,400,-1,1,3.1,1,3.1,1,3.1,1,0.06,1,0.05,50003
20500005,20500000,À­Ã×¶û,Adou_Shanxi,5,100,0,1,500,-1,1,3.1,1,3.1,1,3.1,1,0.06,1,0.06,50003
20500006,20500000,À­Ã×¶û,Adou_Shanxi,6,100,0,1,600,-1,1,3.2,1,3.1,1,3.1,1,0.06,1,0.06,50003
20500007,20500000,À­Ã×¶û,Adou_Shanxi,7,100,0,1,700,-1,1,3.2,1,3.2,1,3.1,1,0.06,1,0.06,50003
20500008,20500000,À­Ã×¶û,Adou_Shanxi,8,100,0,1,800,-1,1,3.2,1,3.2,1,3.2,1,0.06,1,0.06,50003
20500009,20500000,À­Ã×¶û,Adou_Shanxi,9,100,0,1,900,-1,1,3.2,1,3.2,1,3.2,1,0.07,1,0.06,50003
20500010,20500000,À­Ã×¶û,Adou_Shanxi,10,100,0,1,1000,-1,1,3.2,1,3.2,1,3.2,1,0.07,1,0.07,50003
20500011,20500000,À­Ã×¶û,Adou_Shanxi,11,100,0,1,1100,-1,1,3.3,1,3.2,1,3.2,1,0.07,1,0.07,50003
20500012,20500000,À­Ã×¶û,Adou_Shanxi,12,100,0,1,1200,-1,1,3.3,1,3.3,1,3.2,1,0.07,1,0.07,50003
20500013,20500000,À­Ã×¶û,Adou_Shanxi,13,100,0,1,1300,-1,1,3.3,1,3.3,1,3.3,1,0.07,1,0.07,50003
20500014,20500000,À­Ã×¶û,Adou_Shanxi,14,100,0,1,1400,-1,1,3.3,1,3.3,1,3.3,1,0.08,1,0.07,50003
20500015,20500000,À­Ã×¶û,Adou_Shanxi,15,100,0,1,1500,-1,1,3.3,1,3.3,1,3.3,1,0.08,1,0.08,50003
20500016,20500000,À­Ã×¶û,Adou_Shanxi,16,100,0,1,1600,-1,1,3.4,1,3.3,1,3.3,1,0.08,1,0.08,50003
20500017,20500000,À­Ã×¶û,Adou_Shanxi,17,100,0,1,1700,-1,1,3.4,1,3.4,1,3.3,1,0.08,1,0.08,50003
20500018,20500000,À­Ã×¶û,Adou_Shanxi,18,100,0,1,1800,-1,1,3.4,1,3.4,1,3.4,1,0.08,1,0.08,50003
20500019,20500000,À­Ã×¶û,Adou_Shanxi,19,100,0,1,1900,-1,1,3.4,1,3.4,1,3.4,1,0.09,1,0.08,50003
20500020,20500000,À­Ã×¶û,Adou_Shanxi,20,100,0,1,2000,-1,1,3.4,1,3.4,1,3.4,1,0.09,1,0.09,50003
20500021,20500000,À­Ã×¶û,Adou_Shanxi,21,100,0,1,2100,-1,1,3.5,1,3.4,1,3.4,1,0.09,1,0.09,50003
20500022,20500000,À­Ã×¶û,Adou_Shanxi,22,100,0,1,2200,-1,1,3.5,1,3.5,1,3.4,1,0.09,1,0.09,50003
20500023,20500000,À­Ã×¶û,Adou_Shanxi,23,100,0,1,2300,-1,1,3.5,1,3.5,1,3.5,1,0.09,1,0.09,50003
20500024,20500000,À­Ã×¶û,Adou_Shanxi,24,100,0,1,2400,-1,1,3.5,1,3.5,1,3.5,1,0.1,1,0.09,50003
20500025,20500000,À­Ã×¶û,Adou_Shanxi,25,100,0,1,2500,-1,1,3.5,1,3.5,1,3.5,1,0.1,1,0.1,50003
20500026,20500000,À­Ã×¶û,Adou_Shanxi,26,100,0,1,2600,-1,1,3.6,1,3.5,1,3.5,1,0.1,1,0.1,50003
20500027,20500000,À­Ã×¶û,Adou_Shanxi,27,100,0,1,2700,-1,1,3.6,1,3.6,1,3.5,1,0.1,1,0.1,50003
20500028,20500000,À­Ã×¶û,Adou_Shanxi,28,100,0,1,2800,-1,1,3.6,1,3.6,1,3.6,1,0.1,1,0.1,50003
20500029,20500000,À­Ã×¶û,Adou_Shanxi,29,100,0,1,2900,-1,1,3.6,1,3.6,1,3.6,1,0.11,1,0.1,50003
20500030,20500000,À­Ã×¶û,Adou_Shanxi,30,100,0,1,3000,-1,1,3.6,1,3.6,1,3.6,1,0.11,1,0.11,50003
20500031,20500000,À­Ã×¶û,Adou_Shanxi,31,100,0,1,3100,-1,1,3.7,1,3.6,1,3.6,1,0.11,1,0.11,50003
20500032,20500000,À­Ã×¶û,Adou_Shanxi,32,100,0,1,3200,-1,1,3.7,1,3.7,1,3.6,1,0.11,1,0.11,50003
20500033,20500000,À­Ã×¶û,Adou_Shanxi,33,100,0,1,3300,-1,1,3.7,1,3.7,1,3.7,1,0.11,1,0.11,50003
20500034,20500000,À­Ã×¶û,Adou_Shanxi,34,100,0,1,3400,-1,1,3.7,1,3.7,1,3.7,1,0.12,1,0.11,50003
20500035,20500000,À­Ã×¶û,Adou_Shanxi,35,100,0,1,3500,-1,1,3.7,1,3.7,1,3.7,1,0.12,1,0.12,50003
20500036,20500000,À­Ã×¶û,Adou_Shanxi,36,100,0,1,3600,-1,1,3.8,1,3.7,1,3.7,1,0.12,1,0.12,50003
20500037,20500000,À­Ã×¶û,Adou_Shanxi,37,100,0,1,3700,-1,1,3.8,1,3.8,1,3.7,1,0.12,1,0.12,50003
20500038,20500000,À­Ã×¶û,Adou_Shanxi,38,100,0,1,3800,-1,1,3.8,1,3.8,1,3.8,1,0.12,1,0.12,50003
20500039,20500000,À­Ã×¶û,Adou_Shanxi,39,100,0,1,3900,-1,1,3.8,1,3.8,1,3.8,1,0.13,1,0.12,50003
20500040,20500000,À­Ã×¶û,Adou_Shanxi,40,100,0,1,4000,-1,1,3.8,1,3.8,1,3.8,1,0.13,1,0.13,50003
20500041,20500000,À­Ã×¶û,Adou_Shanxi,41,100,0,1,-1,5,1,3.9,1,3.8,1,3.8,1,0.13,1,0.13,50003
20500042,20500000,À­Ã×¶û,Adou_Shanxi,42,100,0,1,-1,10,1,3.9,1,3.9,1,3.8,1,0.13,1,0.13,50003
20500043,20500000,À­Ã×¶û,Adou_Shanxi,43,100,0,1,-1,15,1,3.9,1,3.9,1,3.9,1,0.13,1,0.13,50003
20500044,20500000,À­Ã×¶û,Adou_Shanxi,44,100,0,1,-1,20,1,3.9,1,3.9,1,3.9,1,0.14,1,0.13,50003
20500045,20500000,À­Ã×¶û,Adou_Shanxi,45,100,0,1,-1,25,1,3.9,1,3.9,1,3.9,1,0.14,1,0.14,50003
20500046,20500000,À­Ã×¶û,Adou_Shanxi,46,100,0,1,-1,30,1,4,1,3.9,1,3.9,1,0.14,1,0.14,50003
20500047,20500000,À­Ã×¶û,Adou_Shanxi,47,100,0,1,-1,35,1,4,1,4,1,3.9,1,0.14,1,0.14,50003
20500048,20500000,À­Ã×¶û,Adou_Shanxi,48,100,0,1,-1,40,1,4,1,4,1,4,1,0.14,1,0.14,50003
20500049,20500000,À­Ã×¶û,Adou_Shanxi,49,100,0,1,-1,45,1,4,1,4,1,4,1,0.15,1,0.14,50003
20500050,20500000,À­Ã×¶û,Adou_Shanxi,50,100,0,0,-1,-1,1,4,1,4,1,4,1,0.15,1,0.15,50003
20600000,20600000,°²ÄÝ,Adou_Chips,0,100,0,1,0,-1,1,3,1,3,1,3,1,0.05,1,0.05,50003
20600001,20600000,°²ÄÝ,Adou_Chips,1,100,0,1,200,-1,1,3.1,1,3,1,3,1,0.05,1,0.05,50003
20600002,20600000,°²ÄÝ,Adou_Chips,2,100,0,1,400,-1,1,3.1,1,3.1,1,3,1,0.05,1,0.05,50003
20600003,20600000,°²ÄÝ,Adou_Chips,3,100,0,1,600,-1,1,3.1,1,3.1,1,3.1,1,0.05,1,0.05,50003
20600004,20600000,°²ÄÝ,Adou_Chips,4,100,0,1,800,-1,1,3.1,1,3.1,1,3.1,1,0.06,1,0.05,50003
20600005,20600000,°²ÄÝ,Adou_Chips,5,100,0,1,1000,-1,1,3.1,1,3.1,1,3.1,1,0.06,1,0.06,50003
20600006,20600000,°²ÄÝ,Adou_Chips,6,100,0,1,1200,-1,1,3.2,1,3.1,1,3.1,1,0.06,1,0.06,50003
20600007,20600000,°²ÄÝ,Adou_Chips,7,100,0,1,1400,-1,1,3.2,1,3.2,1,3.1,1,0.06,1,0.06,50003
20600008,20600000,°²ÄÝ,Adou_Chips,8,100,0,1,1600,-1,1,3.2,1,3.2,1,3.2,1,0.06,1,0.06,50003
20600009,20600000,°²ÄÝ,Adou_Chips,9,100,0,1,1800,-1,1,3.2,1,3.2,1,3.2,1,0.07,1,0.06,50003
20600010,20600000,°²ÄÝ,Adou_Chips,10,100,0,1,2000,-1,1,3.2,1,3.2,1,3.2,1,0.07,1,0.07,50003
20600011,20600000,°²ÄÝ,Adou_Chips,11,100,0,1,2200,-1,1,3.3,1,3.2,1,3.2,1,0.07,1,0.07,50003
20600012,20600000,°²ÄÝ,Adou_Chips,12,100,0,1,2400,-1,1,3.3,1,3.3,1,3.2,1,0.07,1,0.07,50003
20600013,20600000,°²ÄÝ,Adou_Chips,13,100,0,1,2600,-1,1,3.3,1,3.3,1,3.3,1,0.07,1,0.07,50003
20600014,20600000,°²ÄÝ,Adou_Chips,14,100,0,1,2800,-1,1,3.3,1,3.3,1,3.3,1,0.08,1,0.07,50003
20600015,20600000,°²ÄÝ,Adou_Chips,15,100,0,1,3000,-1,1,3.3,1,3.3,1,3.3,1,0.08,1,0.08,50003
20600016,20600000,°²ÄÝ,Adou_Chips,16,100,0,1,3200,-1,1,3.4,1,3.3,1,3.3,1,0.08,1,0.08,50003
20600017,20600000,°²ÄÝ,Adou_Chips,17,100,0,1,3400,-1,1,3.4,1,3.4,1,3.3,1,0.08,1,0.08,50003
20600018,20600000,°²ÄÝ,Adou_Chips,18,100,0,1,3600,-1,1,3.4,1,3.4,1,3.4,1,0.08,1,0.08,50003
20600019,20600000,°²ÄÝ,Adou_Chips,19,100,0,1,3800,-1,1,3.4,1,3.4,1,3.4,1,0.09,1,0.08,50003
20600020,20600000,°²ÄÝ,Adou_Chips,20,100,0,1,4000,-1,1,3.4,1,3.4,1,3.4,1,0.09,1,0.09,50003
20600021,20600000,°²ÄÝ,Adou_Chips,21,100,0,1,4200,-1,1,3.5,1,3.4,1,3.4,1,0.09,1,0.09,50003
20600022,20600000,°²ÄÝ,Adou_Chips,22,100,0,1,4400,-1,1,3.5,1,3.5,1,3.4,1,0.09,1,0.09,50003
20600023,20600000,°²ÄÝ,Adou_Chips,23,100,0,1,4600,-1,1,3.5,1,3.5,1,3.5,1,0.09,1,0.09,50003
20600024,20600000,°²ÄÝ,Adou_Chips,24,100,0,1,4800,-1,1,3.5,1,3.5,1,3.5,1,0.1,1,0.09,50003
20600025,20600000,°²ÄÝ,Adou_Chips,25,100,0,1,5000,-1,1,3.5,1,3.5,1,3.5,1,0.1,1,0.1,50003
20600026,20600000,°²ÄÝ,Adou_Chips,26,100,0,1,5200,-1,1,3.6,1,3.5,1,3.5,1,0.1,1,0.1,50003
20600027,20600000,°²ÄÝ,Adou_Chips,27,100,0,1,5400,-1,1,3.6,1,3.6,1,3.5,1,0.1,1,0.1,50003
20600028,20600000,°²ÄÝ,Adou_Chips,28,100,0,1,5600,-1,1,3.6,1,3.6,1,3.6,1,0.1,1,0.1,50003
20600029,20600000,°²ÄÝ,Adou_Chips,29,100,0,1,5800,-1,1,3.6,1,3.6,1,3.6,1,0.11,1,0.1,50003
20600030,20600000,°²ÄÝ,Adou_Chips,30,100,0,1,6000,-1,1,3.6,1,3.6,1,3.6,1,0.11,1,0.11,50003
20600031,20600000,°²ÄÝ,Adou_Chips,31,100,0,1,6200,-1,1,3.7,1,3.6,1,3.6,1,0.11,1,0.11,50003
20600032,20600000,°²ÄÝ,Adou_Chips,32,100,0,1,6400,-1,1,3.7,1,3.7,1,3.6,1,0.11,1,0.11,50003
20600033,20600000,°²ÄÝ,Adou_Chips,33,100,0,1,6600,-1,1,3.7,1,3.7,1,3.7,1,0.11,1,0.11,50003
20600034,20600000,°²ÄÝ,Adou_Chips,34,100,0,1,6800,-1,1,3.7,1,3.7,1,3.7,1,0.12,1,0.11,50003
20600035,20600000,°²ÄÝ,Adou_Chips,35,100,0,1,7000,-1,1,3.7,1,3.7,1,3.7,1,0.12,1,0.12,50003
20600036,20600000,°²ÄÝ,Adou_Chips,36,100,0,1,7200,-1,1,3.8,1,3.7,1,3.7,1,0.12,1,0.12,50003
20600037,20600000,°²ÄÝ,Adou_Chips,37,100,0,1,7400,-1,1,3.8,1,3.8,1,3.7,1,0.12,1,0.12,50003
20600038,20600000,°²ÄÝ,Adou_Chips,38,100,0,1,7600,-1,1,3.8,1,3.8,1,3.8,1,0.12,1,0.12,50003
20600039,20600000,°²ÄÝ,Adou_Chips,39,100,0,1,7800,-1,1,3.8,1,3.8,1,3.8,1,0.13,1,0.12,50003
20600040,20600000,°²ÄÝ,Adou_Chips,40,100,0,1,8000,-1,1,3.8,1,3.8,1,3.8,1,0.13,1,0.13,50003
20600041,20600000,°²ÄÝ,Adou_Chips,41,100,0,1,8200,-1,1,3.9,1,3.8,1,3.8,1,0.13,1,0.13,50003
20600042,20600000,°²ÄÝ,Adou_Chips,42,100,0,1,8400,-1,1,3.9,1,3.9,1,3.8,1,0.13,1,0.13,50003
20600043,20600000,°²ÄÝ,Adou_Chips,43,100,0,1,8600,-1,1,3.9,1,3.9,1,3.9,1,0.13,1,0.13,50003
20600044,20600000,°²ÄÝ,Adou_Chips,44,100,0,1,8800,-1,1,3.9,1,3.9,1,3.9,1,0.14,1,0.13,50003
20600045,20600000,°²ÄÝ,Adou_Chips,45,100,0,1,-1,50,1,3.9,1,3.9,1,3.9,1,0.14,1,0.14,50003
20600046,20600000,°²ÄÝ,Adou_Chips,46,100,0,1,-1,60,1,4,1,3.9,1,3.9,1,0.14,1,0.14,50003
20600047,20600000,°²ÄÝ,Adou_Chips,47,100,0,1,-1,70,1,4,1,4,1,3.9,1,0.14,1,0.14,50003
20600048,20600000,°²ÄÝ,Adou_Chips,48,100,0,1,-1,80,1,4,1,4,1,4,1,0.14,1,0.14,50003
20600049,20600000,°²ÄÝ,Adou_Chips,49,100,0,1,-1,90,1,4,1,4,1,4,1,0.15,1,0.14,50003
20600050,20600000,°²ÄÝ,Adou_Chips,50,100,0,1,-1,100,1,4,1,4,1,4,1,0.15,1,0.15,50003
20600051,20600000,°²ÄÝ,Adou_Chips,51,100,0,1,-1,110,1,4.1,1,4,1,4,1,0.15,1,0.15,50003
20600052,20600000,°²ÄÝ,Adou_Chips,52,100,0,1,-1,120,1,4.1,1,4.1,1,4,1,0.15,1,0.15,50003
20600053,20600000,°²ÄÝ,Adou_Chips,53,100,0,1,-1,130,1,4.1,1,4.1,1,4.1,1,0.15,1,0.15,50003
20600054,20600000,°²ÄÝ,Adou_Chips,54,100,0,1,-1,140,1,4.1,1,4.1,1,4.1,1,0.16,1,0.15,50003
20600055,20600000,°²ÄÝ,Adou_Chips,55,100,0,1,-1,150,1,4.1,1,4.1,1,4.1,1,0.16,1,0.16,50003
20600056,20600000,°²ÄÝ,Adou_Chips,56,100,0,1,-1,160,1,4.2,1,4.1,1,4.1,1,0.16,1,0.16,50003
20600057,20600000,°²ÄÝ,Adou_Chips,57,100,0,1,-1,170,1,4.2,1,4.2,1,4.1,1,0.16,1,0.16,50003
20600058,20600000,°²ÄÝ,Adou_Chips,58,100,0,1,-1,180,1,4.2,1,4.2,1,4.2,1,0.16,1,0.16,50003
20600059,20600000,°²ÄÝ,Adou_Chips,59,100,0,1,-1,190,1,4.2,1,4.2,1,4.2,1,0.17,1,0.16,50003
20600060,20600000,°²ÄÝ,Adou_Chips,60,100,0,0,-1,-1,1,4.2,1,4.2,1,4.2,1,0.17,1,0.17,50003
20700000,20700000,°¢ÃÛÀòÑÅ,Adou,0,100,0,1,100,0,1,3,1,3,1,3,1,0.05,1,0.05,50003
20700001,20700000,°¢ÃÛÀòÑÅ,Adou,1,100,0,1,100,0,1,3.1,1,3,1,3,1,0.05,1,0.05,50003
20700002,20700000,°¢ÃÛÀòÑÅ,Adou,2,100,0,1,100,0,1,3.1,1,3.1,1,3,1,0.05,1,0.05,50003
20700003,20700000,°¢ÃÛÀòÑÅ,Adou,3,100,0,1,100,0,1,3.1,1,3.1,1,3.1,1,0.05,1,0.05,50003
20700004,20700000,°¢ÃÛÀòÑÅ,Adou,4,100,0,1,100,0,1,3.1,1,3.1,1,3.1,1,0.06,1,0.05,50003
20700005,20700000,°¢ÃÛÀòÑÅ,Adou,5,100,0,1,100,0,1,3.1,1,3.1,1,3.1,1,0.06,1,0.06,50003
20700006,20700000,°¢ÃÛÀòÑÅ,Adou,6,100,0,1,100,0,1,3.2,1,3.1,1,3.1,1,0.06,1,0.06,50003
20700007,20700000,°¢ÃÛÀòÑÅ,Adou,7,100,0,1,100,0,1,3.2,1,3.2,1,3.1,1,0.06,1,0.06,50003
20700008,20700000,°¢ÃÛÀòÑÅ,Adou,8,100,0,1,100,0,1,3.2,1,3.2,1,3.2,1,0.06,1,0.06,50003
20700009,20700000,°¢ÃÛÀòÑÅ,Adou,9,100,0,1,100,0,1,3.2,1,3.2,1,3.2,1,0.07,1,0.06,50003
20700010,20700000,°¢ÃÛÀòÑÅ,Adou,10,100,0,1,100,0,1,3.2,1,3.2,1,3.2,1,0.07,1,0.07,50003
20700011,20700000,°¢ÃÛÀòÑÅ,Adou,11,100,0,1,100,0,1,3.3,1,3.2,1,3.2,1,0.07,1,0.07,50003
20700012,20700000,°¢ÃÛÀòÑÅ,Adou,12,100,0,1,100,0,1,3.3,1,3.3,1,3.2,1,0.07,1,0.07,50003
20700013,20700000,°¢ÃÛÀòÑÅ,Adou,13,100,0,1,100,0,1,3.3,1,3.3,1,3.3,1,0.07,1,0.07,50003
20700014,20700000,°¢ÃÛÀòÑÅ,Adou,14,100,0,1,100,0,1,3.3,1,3.3,1,3.3,1,0.08,1,0.07,50003
20700015,20700000,°¢ÃÛÀòÑÅ,Adou,15,100,0,1,100,0,1,3.3,1,3.3,1,3.3,1,0.08,1,0.08,50003
20700016,20700000,°¢ÃÛÀòÑÅ,Adou,16,100,0,1,100,0,1,3.4,1,3.3,1,3.3,1,0.08,1,0.08,50003
20700017,20700000,°¢ÃÛÀòÑÅ,Adou,17,100,0,1,100,0,1,3.4,1,3.4,1,3.3,1,0.08,1,0.08,50003
20700018,20700000,°¢ÃÛÀòÑÅ,Adou,18,100,0,1,100,0,1,3.4,1,3.4,1,3.4,1,0.08,1,0.08,50003
20700019,20700000,°¢ÃÛÀòÑÅ,Adou,19,100,0,1,100,0,1,3.4,1,3.4,1,3.4,1,0.09,1,0.08,50003
20700020,20700000,°¢ÃÛÀòÑÅ,Adou,20,100,0,1,100,0,1,3.4,1,3.4,1,3.4,1,0.09,1,0.09,50003
20700021,20700000,°¢ÃÛÀòÑÅ,Adou,21,100,0,1,100,0,1,3.5,1,3.4,1,3.4,1,0.09,1,0.09,50003
20700022,20700000,°¢ÃÛÀòÑÅ,Adou,22,100,0,1,100,0,1,3.5,1,3.5,1,3.4,1,0.09,1,0.09,50003
20700023,20700000,°¢ÃÛÀòÑÅ,Adou,23,100,0,1,100,0,1,3.5,1,3.5,1,3.5,1,0.09,1,0.09,50003
20700024,20700000,°¢ÃÛÀòÑÅ,Adou,24,100,0,1,100,0,1,3.5,1,3.5,1,3.5,1,0.1,1,0.09,50003
20700025,20700000,°¢ÃÛÀòÑÅ,Adou,25,100,0,1,100,0,1,3.5,1,3.5,1,3.5,1,0.1,1,0.1,50003
20700026,20700000,°¢ÃÛÀòÑÅ,Adou,26,100,0,1,100,0,1,3.6,1,3.5,1,3.5,1,0.1,1,0.1,50003
20700027,20700000,°¢ÃÛÀòÑÅ,Adou,27,100,0,1,100,0,1,3.6,1,3.6,1,3.5,1,0.1,1,0.1,50003
20700028,20700000,°¢ÃÛÀòÑÅ,Adou,28,100,0,1,100,0,1,3.6,1,3.6,1,3.6,1,0.1,1,0.1,50003
20700029,20700000,°¢ÃÛÀòÑÅ,Adou,29,100,0,1,100,0,1,3.6,1,3.6,1,3.6,1,0.11,1,0.1,50003
20700030,20700000,°¢ÃÛÀòÑÅ,Adou,30,100,0,1,100,0,1,3.6,1,3.6,1,3.6,1,0.11,1,0.11,50003
20700031,20700000,°¢ÃÛÀòÑÅ,Adou,31,100,0,1,100,0,1,3.7,1,3.6,1,3.6,1,0.11,1,0.11,50003
20700032,20700000,°¢ÃÛÀòÑÅ,Adou,32,100,0,1,100,0,1,3.7,1,3.7,1,3.6,1,0.11,1,0.11,50003
20700033,20700000,°¢ÃÛÀòÑÅ,Adou,33,100,0,1,100,0,1,3.7,1,3.7,1,3.7,1,0.11,1,0.11,50003
20700034,20700000,°¢ÃÛÀòÑÅ,Adou,34,100,0,1,100,0,1,3.7,1,3.7,1,3.7,1,0.12,1,0.11,50003
20700035,20700000,°¢ÃÛÀòÑÅ,Adou,35,100,0,1,100,0,1,3.7,1,3.7,1,3.7,1,0.12,1,0.12,50003
20700036,20700000,°¢ÃÛÀòÑÅ,Adou,36,100,0,1,100,0,1,3.8,1,3.7,1,3.7,1,0.12,1,0.12,50003
20700037,20700000,°¢ÃÛÀòÑÅ,Adou,37,100,0,1,100,0,1,3.8,1,3.8,1,3.7,1,0.12,1,0.12,50003
20700038,20700000,°¢ÃÛÀòÑÅ,Adou,38,100,0,1,100,0,1,3.8,1,3.8,1,3.8,1,0.12,1,0.12,50003
20700039,20700000,°¢ÃÛÀòÑÅ,Adou,39,100,0,1,100,0,1,3.8,1,3.8,1,3.8,1,0.13,1,0.12,50003
20700040,20700000,°¢ÃÛÀòÑÅ,Adou,40,100,0,1,100,0,1,3.8,1,3.8,1,3.8,1,0.13,1,0.13,50003
20700041,20700000,°¢ÃÛÀòÑÅ,Adou,41,100,0,1,100,0,1,3.9,1,3.8,1,3.8,1,0.13,1,0.13,50003
20700042,20700000,°¢ÃÛÀòÑÅ,Adou,42,100,0,1,100,0,1,3.9,1,3.9,1,3.8,1,0.13,1,0.13,50003
20700043,20700000,°¢ÃÛÀòÑÅ,Adou,43,100,0,1,100,0,1,3.9,1,3.9,1,3.9,1,0.13,1,0.13,50003
20700044,20700000,°¢ÃÛÀòÑÅ,Adou,44,100,0,1,100,0,1,3.9,1,3.9,1,3.9,1,0.14,1,0.13,50003
20700045,20700000,°¢ÃÛÀòÑÅ,Adou,45,100,0,1,100,0,1,3.9,1,3.9,1,3.9,1,0.14,1,0.14,50003
20700046,20700000,°¢ÃÛÀòÑÅ,Adou,46,100,0,1,100,0,1,4,1,3.9,1,3.9,1,0.14,1,0.14,50003
20700047,20700000,°¢ÃÛÀòÑÅ,Adou,47,100,0,1,100,0,1,4,1,4,1,3.9,1,0.14,1,0.14,50003
20700048,20700000,°¢ÃÛÀòÑÅ,Adou,48,100,0,1,100,0,1,4,1,4,1,4,1,0.14,1,0.14,50003
20700049,20700000,°¢ÃÛÀòÑÅ,Adou,49,100,0,1,100,0,1,4,1,4,1,4,1,0.15,1,0.14,50003
20700050,20700000,°¢ÃÛÀòÑÅ,Adou,50,100,0,1,100,0,1,4,1,4,1,4,1,0.15,1,0.15,50003
20700051,20700000,°¢ÃÛÀòÑÅ,Adou,51,100,0,1,100,0,1,4.1,1,4,1,4,1,0.15,1,0.15,50003
20700052,20700000,°¢ÃÛÀòÑÅ,Adou,52,100,0,1,100,0,1,4.1,1,4.1,1,4,1,0.15,1,0.15,50003
20700053,20700000,°¢ÃÛÀòÑÅ,Adou,53,100,0,1,100,0,1,4.1,1,4.1,1,4.1,1,0.15,1,0.15,50003
20700054,20700000,°¢ÃÛÀòÑÅ,Adou,54,100,0,1,100,0,1,4.1,1,4.1,1,4.1,1,0.16,1,0.15,50003
20700055,20700000,°¢ÃÛÀòÑÅ,Adou,55,100,0,1,100,0,1,4.1,1,4.1,1,4.1,1,0.16,1,0.16,50003
20700056,20700000,°¢ÃÛÀòÑÅ,Adou,56,100,0,1,100,0,1,4.2,1,4.1,1,4.1,1,0.16,1,0.16,50003
20700057,20700000,°¢ÃÛÀòÑÅ,Adou,57,100,0,1,100,0,1,4.2,1,4.2,1,4.1,1,0.16,1,0.16,50003
20700058,20700000,°¢ÃÛÀòÑÅ,Adou,58,100,0,1,100,0,1,4.2,1,4.2,1,4.2,1,0.16,1,0.16,50003
20700059,20700000,°¢ÃÛÀòÑÅ,Adou,59,100,0,1,100,0,1,4.2,1,4.2,1,4.2,1,0.17,1,0.16,50003
20700060,20700000,°¢ÃÛÀòÑÅ,Adou,60,100,0,1,100,0,1,4.2,1,4.2,1,4.2,1,0.17,1,0.17,50003
20700061,20700000,°¢ÃÛÀòÑÅ,Adou,61,100,0,1,100,0,1,3,1,3,1,3,1,0.05,1,0.05,50003
20700062,20700000,°¢ÃÛÀòÑÅ,Adou,62,100,0,1,100,0,1,4.3,1,4.2,1,4.2,1,0.17,1,0.19,50003
20700063,20700000,°¢ÃÛÀòÑÅ,Adou,63,100,0,1,100,0,1,4.3,1,4.2,1,4.2,1,0.17,1,0.2,50003
20700064,20700000,°¢ÃÛÀòÑÅ,Adou,64,100,0,1,100,0,1,4.3,1,4.2,1,4.2,1,0.17,1,0.21,50003
20700065,20700000,°¢ÃÛÀòÑÅ,Adou,65,100,0,1,100,0,1,4.3,1,4.2,1,4.2,1,0.17,1,0.22,50003
20700066,20700000,°¢ÃÛÀòÑÅ,Adou,66,100,0,1,100,0,1,4.4,1,4.2,1,4.2,1,0.17,1,0.23,50003
20700067,20700000,°¢ÃÛÀòÑÅ,Adou,67,100,0,1,100,0,1,4.4,1,4.2,1,4.2,1,0.17,1,0.24,50003
20700068,20700000,°¢ÃÛÀòÑÅ,Adou,68,100,0,1,100,0,1,4.4,1,4.2,1,4.2,1,0.17,1,0.25,50003
20700069,20700000,°¢ÃÛÀòÑÅ,Adou,69,100,0,1,100,0,1,4.4,1,4.2,1,4.2,1,0.17,1,0.26,50003
20700070,20700000,°¢ÃÛÀòÑÅ,Adou,70,100,0,0,100,0,1,4.4,1,4.2,1,4.2,1,0.17,1,0.27,50003
20800000,20800000,°®¶ûÉ¯,Adou_DouMei,0,100,0,1,100,0,1,3,1,3,1,3,1,0.05,1,0.05,50003
20800001,20800000,°®¶ûÉ¯,Adou_DouMei,1,100,0,1,100,0,1,3.1,1,3,1,3,1,0.05,1,0.05,50003
20800002,20800000,°®¶ûÉ¯,Adou_DouMei,2,100,0,1,100,0,1,3.1,1,3.1,1,3,1,0.05,1,0.05,50003
20800003,20800000,°®¶ûÉ¯,Adou_DouMei,3,100,0,1,100,0,1,3.1,1,3.1,1,3.1,1,0.05,1,0.05,50003
20800004,20800000,°®¶ûÉ¯,Adou_DouMei,4,100,0,1,100,0,1,3.1,1,3.1,1,3.1,1,0.06,1,0.05,50003
20800005,20800000,°®¶ûÉ¯,Adou_DouMei,5,100,0,1,100,0,1,3.1,1,3.1,1,3.1,1,0.06,1,0.06,50003
20800006,20800000,°®¶ûÉ¯,Adou_DouMei,6,100,0,1,100,0,1,3.2,1,3.1,1,3.1,1,0.06,1,0.06,50003
20800007,20800000,°®¶ûÉ¯,Adou_DouMei,7,100,0,1,100,0,1,3.2,1,3.2,1,3.1,1,0.06,1,0.06,50003
20800008,20800000,°®¶ûÉ¯,Adou_DouMei,8,100,0,1,100,0,1,3.2,1,3.2,1,3.2,1,0.06,1,0.06,50003
20800009,20800000,°®¶ûÉ¯,Adou_DouMei,9,100,0,1,100,0,1,3.2,1,3.2,1,3.2,1,0.07,1,0.06,50003
20800010,20800000,°®¶ûÉ¯,Adou_DouMei,10,100,0,1,100,0,1,3.2,1,3.2,1,3.2,1,0.07,1,0.07,50003
20800011,20800000,°®¶ûÉ¯,Adou_DouMei,11,100,0,1,100,0,1,3.3,1,3.2,1,3.2,1,0.07,1,0.07,50003
20800012,20800000,°®¶ûÉ¯,Adou_DouMei,12,100,0,1,100,0,1,3.3,1,3.3,1,3.2,1,0.07,1,0.07,50003
20800013,20800000,°®¶ûÉ¯,Adou_DouMei,13,100,0,1,100,0,1,3.3,1,3.3,1,3.3,1,0.07,1,0.07,50003
20800014,20800000,°®¶ûÉ¯,Adou_DouMei,14,100,0,1,100,0,1,3.3,1,3.3,1,3.3,1,0.08,1,0.07,50003
20800015,20800000,°®¶ûÉ¯,Adou_DouMei,15,100,0,1,100,0,1,3.3,1,3.3,1,3.3,1,0.08,1,0.08,50003
20800016,20800000,°®¶ûÉ¯,Adou_DouMei,16,100,0,1,100,0,1,3.4,1,3.3,1,3.3,1,0.08,1,0.08,50003
20800017,20800000,°®¶ûÉ¯,Adou_DouMei,17,100,0,1,100,0,1,3.4,1,3.4,1,3.3,1,0.08,1,0.08,50003
20800018,20800000,°®¶ûÉ¯,Adou_DouMei,18,100,0,1,100,0,1,3.4,1,3.4,1,3.4,1,0.08,1,0.08,50003
20800019,20800000,°®¶ûÉ¯,Adou_DouMei,19,100,0,1,100,0,1,3.4,1,3.4,1,3.4,1,0.09,1,0.08,50003
20800020,20800000,°®¶ûÉ¯,Adou_DouMei,20,100,0,1,100,0,1,3.4,1,3.4,1,3.4,1,0.09,1,0.09,50003
20800021,20800000,°®¶ûÉ¯,Adou_DouMei,21,100,0,1,100,0,1,3.5,1,3.4,1,3.4,1,0.09,1,0.09,50003
20800022,20800000,°®¶ûÉ¯,Adou_DouMei,22,100,0,1,100,0,1,3.5,1,3.5,1,3.4,1,0.09,1,0.09,50003
20800023,20800000,°®¶ûÉ¯,Adou_DouMei,23,100,0,1,100,0,1,3.5,1,3.5,1,3.5,1,0.09,1,0.09,50003
20800024,20800000,°®¶ûÉ¯,Adou_DouMei,24,100,0,1,100,0,1,3.5,1,3.5,1,3.5,1,0.1,1,0.09,50003
20800025,20800000,°®¶ûÉ¯,Adou_DouMei,25,100,0,1,100,0,1,3.5,1,3.5,1,3.5,1,0.1,1,0.1,50003
20800026,20800000,°®¶ûÉ¯,Adou_DouMei,26,100,0,1,100,0,1,3.6,1,3.5,1,3.5,1,0.1,1,0.1,50003
20800027,20800000,°®¶ûÉ¯,Adou_DouMei,27,100,0,1,100,0,1,3.6,1,3.6,1,3.5,1,0.1,1,0.1,50003
20800028,20800000,°®¶ûÉ¯,Adou_DouMei,28,100,0,1,100,0,1,3.6,1,3.6,1,3.6,1,0.1,1,0.1,50003
20800029,20800000,°®¶ûÉ¯,Adou_DouMei,29,100,0,1,100,0,1,3.6,1,3.6,1,3.6,1,0.11,1,0.1,50003
20800030,20800000,°®¶ûÉ¯,Adou_DouMei,30,100,0,1,100,0,1,3.6,1,3.6,1,3.6,1,0.11,1,0.11,50003
20800031,20800000,°®¶ûÉ¯,Adou_DouMei,31,100,0,1,100,0,1,3.7,1,3.6,1,3.6,1,0.11,1,0.11,50003
20800032,20800000,°®¶ûÉ¯,Adou_DouMei,32,100,0,1,100,0,1,3.7,1,3.7,1,3.6,1,0.11,1,0.11,50003
20800033,20800000,°®¶ûÉ¯,Adou_DouMei,33,100,0,1,100,0,1,3.7,1,3.7,1,3.7,1,0.11,1,0.11,50003
20800034,20800000,°®¶ûÉ¯,Adou_DouMei,34,100,0,1,100,0,1,3.7,1,3.7,1,3.7,1,0.12,1,0.11,50003
20800035,20800000,°®¶ûÉ¯,Adou_DouMei,35,100,0,1,100,0,1,3.7,1,3.7,1,3.7,1,0.12,1,0.12,50003
20800036,20800000,°®¶ûÉ¯,Adou_DouMei,36,100,0,1,100,0,1,3.8,1,3.7,1,3.7,1,0.12,1,0.12,50003
20800037,20800000,°®¶ûÉ¯,Adou_DouMei,37,100,0,1,100,0,1,3.8,1,3.8,1,3.7,1,0.12,1,0.12,50003
20800038,20800000,°®¶ûÉ¯,Adou_DouMei,38,100,0,1,100,0,1,3.8,1,3.8,1,3.8,1,0.12,1,0.12,50003
20800039,20800000,°®¶ûÉ¯,Adou_DouMei,39,100,0,1,100,0,1,3.8,1,3.8,1,3.8,1,0.13,1,0.12,50003
20800040,20800000,°®¶ûÉ¯,Adou_DouMei,40,100,0,1,100,0,1,3.8,1,3.8,1,3.8,1,0.13,1,0.13,50003
20800041,20800000,°®¶ûÉ¯,Adou_DouMei,41,100,0,1,100,0,1,3.9,1,3.8,1,3.8,1,0.13,1,0.13,50003
20800042,20800000,°®¶ûÉ¯,Adou_DouMei,42,100,0,1,100,0,1,3.9,1,3.9,1,3.8,1,0.13,1,0.13,50003
20800043,20800000,°®¶ûÉ¯,Adou_DouMei,43,100,0,1,100,0,1,3.9,1,3.9,1,3.9,1,0.13,1,0.13,50003
20800044,20800000,°®¶ûÉ¯,Adou_DouMei,44,100,0,1,100,0,1,3.9,1,3.9,1,3.9,1,0.14,1,0.13,50003
20800045,20800000,°®¶ûÉ¯,Adou_DouMei,45,100,0,1,100,0,1,3.9,1,3.9,1,3.9,1,0.14,1,0.14,50003
20800046,20800000,°®¶ûÉ¯,Adou_DouMei,46,100,0,1,100,0,1,4,1,3.9,1,3.9,1,0.14,1,0.14,50003
20800047,20800000,°®¶ûÉ¯,Adou_DouMei,47,100,0,1,100,0,1,4,1,4,1,3.9,1,0.14,1,0.14,50003
20800048,20800000,°®¶ûÉ¯,Adou_DouMei,48,100,0,1,100,0,1,4,1,4,1,4,1,0.14,1,0.14,50003
20800049,20800000,°®¶ûÉ¯,Adou_DouMei,49,100,0,1,100,0,1,4,1,4,1,4,1,0.15,1,0.14,50003
20800050,20800000,°®¶ûÉ¯,Adou_DouMei,50,100,0,1,100,0,1,4,1,4,1,4,1,0.15,1,0.15,50003
20800051,20800000,°®¶ûÉ¯,Adou_DouMei,51,100,0,1,100,0,1,4.1,1,4,1,4,1,0.15,1,0.15,50003
20800052,20800000,°®¶ûÉ¯,Adou_DouMei,52,100,0,1,100,0,1,4.1,1,4.1,1,4,1,0.15,1,0.15,50003
20800053,20800000,°®¶ûÉ¯,Adou_DouMei,53,100,0,1,100,0,1,4.1,1,4.1,1,4.1,1,0.15,1,0.15,50003
20800054,20800000,°®¶ûÉ¯,Adou_DouMei,54,100,0,1,100,0,1,4.1,1,4.1,1,4.1,1,0.16,1,0.15,50003
20800055,20800000,°®¶ûÉ¯,Adou_DouMei,55,100,0,1,100,0,1,4.1,1,4.1,1,4.1,1,0.16,1,0.16,50003
20800056,20800000,°®¶ûÉ¯,Adou_DouMei,56,100,0,1,100,0,1,4.2,1,4.1,1,4.1,1,0.16,1,0.16,50003
20800057,20800000,°®¶ûÉ¯,Adou_DouMei,57,100,0,1,100,0,1,4.2,1,4.2,1,4.1,1,0.16,1,0.16,50003
20800058,20800000,°®¶ûÉ¯,Adou_DouMei,58,100,0,1,100,0,1,4.2,1,4.2,1,4.2,1,0.16,1,0.16,50003
20800059,20800000,°®¶ûÉ¯,Adou_DouMei,59,100,0,1,100,0,1,4.2,1,4.2,1,4.2,1,0.17,1,0.16,50003
20800060,20800000,°®¶ûÉ¯,Adou_DouMei,60,100,0,1,100,0,1,4.2,1,4.2,1,4.2,1,0.17,1,0.17,50003
20800061,20800000,°®¶ûÉ¯,Adou_DouMei,61,100,0,1,100,0,1,4.3,1,4.2,1,4.2,1,0.17,1,0.18,50003
20800062,20800000,°®¶ûÉ¯,Adou_DouMei,62,100,0,1,100,0,1,4.3,1,4.2,1,4.2,1,0.17,1,0.19,50003
20800063,20800000,°®¶ûÉ¯,Adou_DouMei,63,100,0,1,100,0,1,4.3,1,4.2,1,4.2,1,0.17,1,0.2,50003
20800064,20800000,°®¶ûÉ¯,Adou_DouMei,64,100,0,1,100,0,1,4.3,1,4.2,1,4.2,1,0.17,1,0.21,50003
20800065,20800000,°®¶ûÉ¯,Adou_DouMei,65,100,0,1,100,0,1,4.3,1,4.2,1,4.2,1,0.17,1,0.22,50003
20800066,20800000,°®¶ûÉ¯,Adou_DouMei,66,100,0,1,100,0,1,4.4,1,4.2,1,4.2,1,0.17,1,0.23,50003
20800067,20800000,°®¶ûÉ¯,Adou_DouMei,67,100,0,1,100,0,1,4.4,1,4.2,1,4.2,1,0.17,1,0.24,50003
20800068,20800000,°®¶ûÉ¯,Adou_DouMei,68,100,0,1,100,0,1,4.4,1,4.2,1,4.2,1,0.17,1,0.25,50003
20800069,20800000,°®¶ûÉ¯,Adou_DouMei,69,100,0,1,100,0,1,4.4,1,4.2,1,4.2,1,0.17,1,0.26,50003
20800070,20800000,°®¶ûÉ¯,Adou_DouMei,70,100,0,1,100,0,1,4.4,1,4.2,1,4.2,1,0.17,1,0.27,50003
20800071,20800000,°®¶ûÉ¯,Adou_DouMei,71,100,0,1,100,0,1,4.5,1,4.2,1,4.2,1,0.17,1,0.28,50003
20800072,20800000,°®¶ûÉ¯,Adou_DouMei,72,100,0,1,100,0,1,4.5,1,4.2,1,4.2,1,0.17,1,0.29,50003
20800073,20800000,°®¶ûÉ¯,Adou_DouMei,73,100,0,1,100,0,1,4.5,1,4.2,1,4.2,1,0.17,1,0.3,50003
20800074,20800000,°®¶ûÉ¯,Adou_DouMei,74,100,0,1,100,0,1,4.5,1,4.2,1,4.2,1,0.17,1,0.31,50003
20800075,20800000,°®¶ûÉ¯,Adou_DouMei,75,100,0,1,100,0,1,4.5,1,4.2,1,4.2,1,0.17,1,0.32,50003
20800076,20800000,°®¶ûÉ¯,Adou_DouMei,76,100,0,1,100,0,1,4.6,1,4.2,1,4.2,1,0.17,1,0.33,50003
20800077,20800000,°®¶ûÉ¯,Adou_DouMei,77,100,0,1,100,0,1,4.6,1,4.2,1,4.2,1,0.17,1,0.34,50003
20800078,20800000,°®¶ûÉ¯,Adou_DouMei,78,100,0,1,100,0,1,4.6,1,4.2,1,4.2,1,0.17,1,0.35,50003
20800079,20800000,°®¶ûÉ¯,Adou_DouMei,79,100,0,1,100,0,1,4.6,1,4.2,1,4.2,1,0.17,1,0.36,50003
20800080,20800000,°®¶ûÉ¯,Adou_DouMei,80,100,0,0,100,0,1,4.6,1,4.2,1,4.2,1,0.17,1,0.37,50003
20900000,20900000,´ó°×,dabai,0,100,0,1,100,0,1,3,1,3,1,3,1,0.05,1,0.05,50003
20900001,20900000,´ó°×,dabai,1,100,0,1,100,0,1,3.1,1,3,1,3,1,0.05,1,0.05,50003
20900002,20900000,´ó°×,dabai,2,100,0,1,100,0,1,3.1,1,3.1,1,3,1,0.05,1,0.05,50003
20900003,20900000,´ó°×,dabai,3,100,0,1,100,0,1,3.1,1,3.1,1,3.1,1,0.05,1,0.05,50003
20900004,20900000,´ó°×,dabai,4,100,0,1,100,0,1,3.1,1,3.1,1,3.1,1,0.06,1,0.05,50003
20900005,20900000,´ó°×,dabai,5,100,0,1,100,0,1,3.1,1,3.1,1,3.1,1,0.06,1,0.06,50003
20900006,20900000,´ó°×,dabai,6,100,0,1,100,0,1,3.2,1,3.1,1,3.1,1,0.06,1,0.06,50003
20900007,20900000,´ó°×,dabai,7,100,0,1,100,0,1,3.2,1,3.2,1,3.1,1,0.06,1,0.06,50003
20900008,20900000,´ó°×,dabai,8,100,0,1,100,0,1,3.2,1,3.2,1,3.2,1,0.06,1,0.06,50003
20900009,20900000,´ó°×,dabai,9,100,0,1,100,0,1,3.2,1,3.2,1,3.2,1,0.07,1,0.06,50003
20900010,20900000,´ó°×,dabai,10,100,0,1,100,0,1,3.2,1,3.2,1,3.2,1,0.07,1,0.07,50003
20900011,20900000,´ó°×,dabai,11,100,0,1,100,0,1,3.3,1,3.2,1,3.2,1,0.07,1,0.07,50003
20900012,20900000,´ó°×,dabai,12,100,0,1,100,0,1,3.3,1,3.3,1,3.2,1,0.07,1,0.07,50003
20900013,20900000,´ó°×,dabai,13,100,0,1,100,0,1,3.3,1,3.3,1,3.3,1,0.07,1,0.07,50003
20900014,20900000,´ó°×,dabai,14,100,0,1,100,0,1,3.3,1,3.3,1,3.3,1,0.08,1,0.07,50003
20900015,20900000,´ó°×,dabai,15,100,0,1,100,0,1,3.3,1,3.3,1,3.3,1,0.08,1,0.08,50003
20900016,20900000,´ó°×,dabai,16,100,0,1,100,0,1,3.4,1,3.3,1,3.3,1,0.08,1,0.08,50003
20900017,20900000,´ó°×,dabai,17,100,0,1,100,0,1,3.4,1,3.4,1,3.3,1,0.08,1,0.08,50003
20900018,20900000,´ó°×,dabai,18,100,0,1,100,0,1,3.4,1,3.4,1,3.4,1,0.08,1,0.08,50003
20900019,20900000,´ó°×,dabai,19,100,0,1,100,0,1,3.4,1,3.4,1,3.4,1,0.09,1,0.08,50003
20900020,20900000,´ó°×,dabai,20,100,0,1,100,0,1,3.4,1,3.4,1,3.4,1,0.09,1,0.09,50003
20900021,20900000,´ó°×,dabai,21,100,0,1,100,0,1,3.5,1,3.4,1,3.4,1,0.09,1,0.09,50003
20900022,20900000,´ó°×,dabai,22,100,0,1,100,0,1,3.5,1,3.5,1,3.4,1,0.09,1,0.09,50003
20900023,20900000,´ó°×,dabai,23,100,0,1,100,0,1,3.5,1,3.5,1,3.5,1,0.09,1,0.09,50003
20900024,20900000,´ó°×,dabai,24,100,0,1,100,0,1,3.5,1,3.5,1,3.5,1,0.1,1,0.09,50003
20900025,20900000,´ó°×,dabai,25,100,0,1,100,0,1,3.5,1,3.5,1,3.5,1,0.1,1,0.1,50003
20900026,20900000,´ó°×,dabai,26,100,0,1,100,0,1,3.6,1,3.5,1,3.5,1,0.1,1,0.1,50003
20900027,20900000,´ó°×,dabai,27,100,0,1,100,0,1,3.6,1,3.6,1,3.5,1,0.1,1,0.1,50003
20900028,20900000,´ó°×,dabai,28,100,0,1,100,0,1,3.6,1,3.6,1,3.6,1,0.1,1,0.1,50003
20900029,20900000,´ó°×,dabai,29,100,0,1,100,0,1,3.6,1,3.6,1,3.6,1,0.11,1,0.1,50003
20900030,20900000,´ó°×,dabai,30,100,0,1,100,0,1,3.6,1,3.6,1,3.6,1,0.11,1,0.11,50003
20900031,20900000,´ó°×,dabai,31,100,0,1,100,0,1,3.7,1,3.6,1,3.6,1,0.11,1,0.11,50003
20900032,20900000,´ó°×,dabai,32,100,0,1,100,0,1,3.7,1,3.7,1,3.6,1,0.11,1,0.11,50003
20900033,20900000,´ó°×,dabai,33,100,0,1,100,0,1,3.7,1,3.7,1,3.7,1,0.11,1,0.11,50003
20900034,20900000,´ó°×,dabai,34,100,0,1,100,0,1,3.7,1,3.7,1,3.7,1,0.12,1,0.11,50003
20900035,20900000,´ó°×,dabai,35,100,0,1,100,0,1,3.7,1,3.7,1,3.7,1,0.12,1,0.12,50003
20900036,20900000,´ó°×,dabai,36,100,0,1,100,0,1,3.8,1,3.7,1,3.7,1,0.12,1,0.12,50003
20900037,20900000,´ó°×,dabai,37,100,0,1,100,0,1,3.8,1,3.8,1,3.7,1,0.12,1,0.12,50003
20900038,20900000,´ó°×,dabai,38,100,0,1,100,0,1,3.8,1,3.8,1,3.8,1,0.12,1,0.12,50003
20900039,20900000,´ó°×,dabai,39,100,0,1,100,0,1,3.8,1,3.8,1,3.8,1,0.13,1,0.12,50003
20900040,20900000,´ó°×,dabai,40,100,0,1,100,0,1,3.8,1,3.8,1,3.8,1,0.13,1,0.13,50003
20900041,20900000,´ó°×,dabai,41,100,0,1,100,0,1,3.9,1,3.8,1,3.8,1,0.13,1,0.13,50003
20900042,20900000,´ó°×,dabai,42,100,0,1,100,0,1,3.9,1,3.9,1,3.8,1,0.13,1,0.13,50003
20900043,20900000,´ó°×,dabai,43,100,0,1,100,0,1,3.9,1,3.9,1,3.9,1,0.13,1,0.13,50003
20900044,20900000,´ó°×,dabai,44,100,0,1,100,0,1,3.9,1,3.9,1,3.9,1,0.14,1,0.13,50003
20900045,20900000,´ó°×,dabai,45,100,0,1,100,0,1,3.9,1,3.9,1,3.9,1,0.14,1,0.14,50003
20900046,20900000,´ó°×,dabai,46,100,0,1,100,0,1,4,1,3.9,1,3.9,1,0.14,1,0.14,50003
20900047,20900000,´ó°×,dabai,47,100,0,1,100,0,1,4,1,4,1,3.9,1,0.14,1,0.14,50003
20900048,20900000,´ó°×,dabai,48,100,0,1,100,0,1,4,1,4,1,4,1,0.14,1,0.14,50003
20900049,20900000,´ó°×,dabai,49,100,0,1,100,0,1,4,1,4,1,4,1,0.15,1,0.14,50003
20900050,20900000,´ó°×,dabai,50,100,0,1,100,0,1,4,1,4,1,4,1,0.15,1,0.15,50003
20900051,20900000,´ó°×,dabai,51,100,0,1,100,0,1,4.1,1,4,1,4,1,0.15,1,0.15,50003
20900052,20900000,´ó°×,dabai,52,100,0,1,100,0,1,4.1,1,4.1,1,4,1,0.15,1,0.15,50003
20900053,20900000,´ó°×,dabai,53,100,0,1,100,0,1,4.1,1,4.1,1,4.1,1,0.15,1,0.15,50003
20900054,20900000,´ó°×,dabai,54,100,0,1,100,0,1,4.1,1,4.1,1,4.1,1,0.16,1,0.15,50003
20900055,20900000,´ó°×,dabai,55,100,0,1,100,0,1,4.1,1,4.1,1,4.1,1,0.16,1,0.16,50003
20900056,20900000,´ó°×,dabai,56,100,0,1,100,0,1,4.2,1,4.1,1,4.1,1,0.16,1,0.16,50003
20900057,20900000,´ó°×,dabai,57,100,0,1,100,0,1,4.2,1,4.2,1,4.1,1,0.16,1,0.16,50003
20900058,20900000,´ó°×,dabai,58,100,0,1,100,0,1,4.2,1,4.2,1,4.2,1,0.16,1,0.16,50003
20900059,20900000,´ó°×,dabai,59,100,0,1,100,0,1,4.2,1,4.2,1,4.2,1,0.17,1,0.16,50003
20900060,20900000,´ó°×,dabai,60,100,0,1,100,0,1,4.2,1,4.2,1,4.2,1,0.17,1,0.17,50003
20900061,20900000,´ó°×,dabai,61,100,0,1,100,0,1,4.3,1,4.2,1,4.2,1,0.17,1,0.18,50003
20900062,20900000,´ó°×,dabai,62,100,0,1,100,0,1,4.3,1,4.2,1,4.2,1,0.17,1,0.19,50003
20900063,20900000,´ó°×,dabai,63,100,0,1,100,0,1,4.3,1,4.2,1,4.2,1,0.17,1,0.2,50003
20900064,20900000,´ó°×,dabai,64,100,0,1,100,0,1,4.3,1,4.2,1,4.2,1,0.17,1,0.21,50003
20900065,20900000,´ó°×,dabai,65,100,0,1,100,0,1,4.3,1,4.2,1,4.2,1,0.17,1,0.22,50003
20900066,20900000,´ó°×,dabai,66,100,0,1,100,0,1,4.4,1,4.2,1,4.2,1,0.17,1,0.23,50003
20900067,20900000,´ó°×,dabai,67,100,0,1,100,0,1,4.4,1,4.2,1,4.2,1,0.17,1,0.24,50003
20900068,20900000,´ó°×,dabai,68,100,0,1,100,0,1,4.4,1,4.2,1,4.2,1,0.17,1,0.25,50003
20900069,20900000,´ó°×,dabai,69,100,0,1,100,0,1,4.4,1,4.2,1,4.2,1,0.17,1,0.26,50003
20900070,20900000,´ó°×,dabai,70,100,0,1,100,0,1,4.4,1,4.2,1,4.2,1,0.17,1,0.27,50003
20900071,20900000,´ó°×,dabai,71,100,0,1,100,0,1,4.5,1,4.2,1,4.2,1,0.17,1,0.28,50003
20900072,20900000,´ó°×,dabai,72,100,0,1,100,0,1,4.5,1,4.2,1,4.2,1,0.17,1,0.29,50003
20900073,20900000,´ó°×,dabai,73,100,0,1,100,0,1,4.5,1,4.2,1,4.2,1,0.17,1,0.3,50003
20900074,20900000,´ó°×,dabai,74,100,0,1,100,0,1,4.5,1,4.2,1,4.2,1,0.17,1,0.31,50003
20900075,20900000,´ó°×,dabai,75,100,0,1,100,0,1,4.5,1,4.2,1,4.2,1,0.17,1,0.32,50003
20900076,20900000,´ó°×,dabai,76,100,0,1,100,0,1,4.6,1,4.2,1,4.2,1,0.17,1,0.33,50003
20900077,20900000,´ó°×,dabai,77,100,0,1,100,0,1,4.6,1,4.2,1,4.2,1,0.17,1,0.34,50003
20900078,20900000,´ó°×,dabai,78,100,0,1,100,0,1,4.6,1,4.2,1,4.2,1,0.17,1,0.35,50003
20900079,20900000,´ó°×,dabai,79,100,0,1,100,0,1,4.6,1,4.2,1,4.2,1,0.17,1,0.36,50003
20900080,20900000,´ó°×,dabai,80,100,0,0,100,0,1,4.6,1,4.2,1,4.2,1,0.17,1,0.37,50003
