EngineID,GroupID,Quality,Level,Exp,sellgold,speedup,speed,max_speed,dashspeed,life,liferesume,lifeconsume,attack,attackspeed,attackdistance,SkillID1,SkillID2,SkillID3,SkillID4,LevelUpGold,LevelUpDiamond,CanRankUp,RankUpid,RankUpGold,RankUpDiamond,RankUpProp,RankUpNumber
配件ID,配件组id,配件品质,等级,经验值,出售金币,加速,飞行速度,最高速度,冲刺速度,油量,油量恢复,油量消耗,攻击,攻击速度,攻击距离,技能ID1,技能ID2,技能ID3,技能ID4,升级消耗金币,升级消耗钻石,是否可升阶,升阶后ID,升阶消耗金币,升阶消耗钻石,升阶消耗道具,升阶消耗数量
111101001,1,1,1,100,100,0.1,0,0.88,1.56,0,0,0,0,0,0,-1,-1,-1,-1,100,-1,0,-1,-1,-1,-1,-1
111101002,1,1,2,200,100,0.2,0,1.75,3.12,0,0,0,0,0,0,-1,-1,-1,-1,200,-1,0,-1,-1,-1,-1,-1
111101003,1,1,3,300,100,0.3,0,2.63,4.69,0,0,0,0,0,0,-1,-1,-1,-1,300,-1,0,-1,-1,-1,-1,-1
111101004,1,1,4,400,100,0.4,0,3.5,6.25,0,0,0,0,0,0,-1,-1,-1,-1,400,-1,0,-1,-1,-1,-1,-1
111101005,1,1,5,500,100,0.5,0,4.38,7.81,0,0,0,0,0,0,-1,-1,-1,-1,500,-1,0,-1,-1,-1,-1,-1
111101006,1,1,6,600,100,0.6,0,5.25,9.38,0,0,0,0,0,0,-1,-1,-1,-1,600,-1,0,-1,-1,-1,-1,-1
111101007,1,1,7,700,100,0.7,0,6.13,10.94,0,0,0,0,0,0,-1,-1,-1,-1,700,-1,0,-1,-1,-1,-1,-1
111101008,1,1,8,800,100,0.8,0,7,12.5,0,0,0,0,0,0,-1,-1,-1,-1,800,-1,0,-1,-1,-1,-1,-1
111101009,1,1,9,900,100,0.9,0,7.88,14.06,0,0,0,0,0,0,-1,-1,-1,-1,900,-1,0,-1,-1,-1,-1,-1
111101010,1,1,10,1000,100,1,0,8.75,15.62,0,0,0,0,0,0,-1,-1,-1,-1,1000,-1,0,-1,-1,-1,-1,-1
111101011,1,1,11,1100,100,1.1,0,9.63,17.19,0,0,0,0,0,0,-1,-1,-1,-1,1100,-1,0,-1,-1,-1,-1,-1
111101012,1,1,12,1200,100,1.2,0,10.5,18.75,0,0,0,0,0,0,-1,-1,-1,-1,1200,-1,0,-1,-1,-1,-1,-1
111101013,1,1,13,1300,100,1.3,0,11.38,20.31,0,0,0,0,0,0,-1,-1,-1,-1,1300,-1,0,-1,-1,-1,-1,-1
111101014,1,1,14,1400,100,1.4,0,12.25,21.88,0,0,0,0,0,0,-1,-1,-1,-1,1400,-1,0,-1,-1,-1,-1,-1
111101015,1,1,15,1500,100,1.5,0,13.13,23.44,0,0,0,0,0,0,-1,-1,-1,-1,1500,-1,0,-1,-1,-1,-1,-1
111101016,1,1,16,1600,100,1.6,0,14,25,0,0,0,0,0,0,-1,-1,-1,-1,1600,-1,0,-1,-1,-1,-1,-1
111101017,1,1,17,1700,100,1.7,0,14.88,26.56,0,0,0,0,0,0,-1,-1,-1,-1,1700,-1,0,-1,-1,-1,-1,-1
111101018,1,1,18,1800,100,1.8,0,15.75,28.12,0,0,0,0,0,0,-1,-1,-1,-1,1800,-1,0,-1,-1,-1,-1,-1
111101019,1,1,19,1900,100,1.9,0,16.63,29.69,0,0,0,0,0,0,-1,-1,-1,-1,1900,-1,0,-1,-1,-1,-1,-1
111101020,1,1,20,2000,100,2,0,17.5,31.25,0,0,0,0,0,0,-1,-1,-1,-1,-1,-1,1,111201020,10000,-1,-1,-1
111201020,2,2,20,4000,100,3.15,0,27.56,49.22,0,0,0,0,0,0,-1,-1,-1,-1,2000,-1,0,-1,-1,-1,-1,-1
111201021,2,2,21,4200,100,3.3,0,28.88,51.56,0,0,0,0,0,0,-1,-1,-1,-1,2100,-1,0,-1,-1,-1,-1,-1
111201022,2,2,22,4400,100,3.45,0,30.19,53.91,0,0,0,0,0,0,-1,-1,-1,-1,2200,-1,0,-1,-1,-1,-1,-1
111201023,2,2,23,4600,100,3.6,0,31.5,56.25,0,0,0,0,0,0,-1,-1,-1,-1,2300,-1,0,-1,-1,-1,-1,-1
111201024,2,2,24,4800,100,3.75,0,32.81,58.59,0,0,0,0,0,0,-1,-1,-1,-1,2400,-1,0,-1,-1,-1,-1,-1
111201025,2,2,25,5000,100,3.9,0,34.13,60.94,0,0,0,0,0,0,-1,-1,-1,-1,2500,-1,0,-1,-1,-1,-1,-1
111201026,2,2,26,5200,100,4.05,0,35.44,63.28,0,0,0,0,0,0,-1,-1,-1,-1,2600,-1,0,-1,-1,-1,-1,-1
111201027,2,2,27,5400,100,4.2,0,36.75,65.62,0,0,0,0,0,0,-1,-1,-1,-1,2700,-1,0,-1,-1,-1,-1,-1
111201028,2,2,28,5600,100,4.35,0,38.06,67.97,0,0,0,0,0,0,-1,-1,-1,-1,2800,-1,0,-1,-1,-1,-1,-1
111201029,2,2,29,5800,100,4.5,0,39.38,70.31,0,0,0,0,0,0,-1,-1,-1,-1,2900,-1,0,-1,-1,-1,-1,-1
111201030,2,2,30,6000,100,4.65,0,40.69,72.66,0,0,0,0,0,0,-1,-1,-1,-1,3000,-1,0,-1,-1,-1,-1,-1
111201031,2,2,31,6200,100,4.8,0,42,75,0,0,0,0,0,0,-1,-1,-1,-1,3100,-1,0,-1,-1,-1,-1,-1
111201032,2,2,32,6400,100,4.95,0,43.31,77.34,0,0,0,0,0,0,-1,-1,-1,-1,3200,-1,0,-1,-1,-1,-1,-1
111201033,2,2,33,6600,100,5.1,0,44.63,79.69,0,0,0,0,0,0,-1,-1,-1,-1,3300,-1,0,-1,-1,-1,-1,-1
111201034,2,2,34,6800,100,5.25,0,45.94,82.03,0,0,0,0,0,0,-1,-1,-1,-1,3400,-1,0,-1,-1,-1,-1,-1
111201035,2,2,35,7000,100,5.4,0,47.25,84.38,0,0,0,0,0,0,-1,-1,-1,-1,3500,-1,0,-1,-1,-1,-1,-1
111201036,2,2,36,7200,100,5.55,0,48.56,86.72,0,0,0,0,0,0,-1,-1,-1,-1,3600,-1,0,-1,-1,-1,-1,-1
111201037,2,2,37,7400,100,5.7,0,49.88,89.06,0,0,0,0,0,0,-1,-1,-1,-1,3700,-1,0,-1,-1,-1,-1,-1
111201038,2,2,38,7600,100,5.85,0,51.19,91.41,0,0,0,0,0,0,-1,-1,-1,-1,3800,-1,0,-1,-1,-1,-1,-1
111201039,2,2,39,7800,100,6,0,52.5,93.75,0,0,0,0,0,0,-1,-1,-1,-1,3900,-1,0,-1,-1,-1,-1,-1
111201040,2,2,40,8000,100,6.15,0,53.81,96.09,0,0,0,0,0,0,-1,-1,-1,-1,-1,-1,1,111301040,20000,-1,-1,-1
111301040,3,3,40,12000,100,8.4,0,73.5,131.25,0,0,0,0,0,0,-1,-1,-1,-1,4000,-1,0,-1,-1,-1,-1,-1
111301041,3,3,41,12300,100,8.6,0,75.25,134.38,0,0,0,0,0,0,-1,-1,-1,-1,4100,-1,0,-1,-1,-1,-1,-1
111301042,3,3,42,12600,100,8.8,0,77,137.5,0,0,0,0,0,0,-1,-1,-1,-1,4200,-1,0,-1,-1,-1,-1,-1
111301043,3,3,43,12900,100,9,0,78.75,140.62,0,0,0,0,0,0,-1,-1,-1,-1,4300,-1,0,-1,-1,-1,-1,-1
111301044,3,3,44,13200,100,9.2,0,80.5,143.75,0,0,0,0,0,0,-1,-1,-1,-1,4400,-1,0,-1,-1,-1,-1,-1
111301045,3,3,45,13500,100,9.4,0,82.25,146.88,0,0,0,0,0,0,-1,-1,-1,-1,4500,-1,0,-1,-1,-1,-1,-1
111301046,3,3,46,13800,100,9.6,0,84,150,0,0,0,0,0,0,-1,-1,-1,-1,4600,-1,0,-1,-1,-1,-1,-1
111301047,3,3,47,14100,100,9.8,0,85.75,153.12,0,0,0,0,0,0,-1,-1,-1,-1,4700,-1,0,-1,-1,-1,-1,-1
111301048,3,3,48,14400,100,10,0,87.5,156.25,0,0,0,0,0,0,-1,-1,-1,-1,4800,-1,0,-1,-1,-1,-1,-1
111301049,3,3,49,14700,100,10.2,0,89.25,159.38,0,0,0,0,0,0,-1,-1,-1,-1,4900,-1,0,-1,-1,-1,-1,-1
111301050,3,3,50,15000,100,10.4,0,91,162.5,0,0,0,0,0,0,-1,-1,-1,-1,5000,-1,0,-1,-1,-1,-1,-1
111301051,3,3,51,15300,100,10.6,0,92.75,165.62,0,0,0,0,0,0,-1,-1,-1,-1,5100,-1,0,-1,-1,-1,-1,-1
111301052,3,3,52,15600,100,10.8,0,94.5,168.75,0,0,0,0,0,0,-1,-1,-1,-1,5200,-1,0,-1,-1,-1,-1,-1
111301053,3,3,53,15900,100,11,0,96.25,171.88,0,0,0,0,0,0,-1,-1,-1,-1,5300,-1,0,-1,-1,-1,-1,-1
111301054,3,3,54,16200,100,11.2,0,98,175,0,0,0,0,0,0,-1,-1,-1,-1,5400,-1,0,-1,-1,-1,-1,-1
111301055,3,3,55,16500,100,11.4,0,99.75,178.12,0,0,0,0,0,0,-1,-1,-1,-1,5500,-1,0,-1,-1,-1,-1,-1
111301056,3,3,56,16800,100,11.6,0,101.5,181.25,0,0,0,0,0,0,-1,-1,-1,-1,5600,-1,0,-1,-1,-1,-1,-1
111301057,3,3,57,17100,100,11.8,0,103.25,184.38,0,0,0,0,0,0,-1,-1,-1,-1,5700,-1,0,-1,-1,-1,-1,-1
111301058,3,3,58,17400,100,12,0,105,187.5,0,0,0,0,0,0,-1,-1,-1,-1,5800,-1,0,-1,-1,-1,-1,-1
111301059,3,3,59,17700,100,12.2,0,106.75,190.62,0,0,0,0,0,0,-1,-1,-1,-1,5900,-1,0,-1,-1,-1,-1,-1
111301060,3,3,60,18000,100,12.4,0,108.5,193.75,0,0,0,0,0,0,-1,-1,-1,-1,6000,-1,0,-1,-1,-1,-1,-1
111202001,4,2,1,100,100,0.1,0,0.9,1.61,0,0,0,0,0,0,-1,-1,-1,-1,100,-1,0,-1,-1,-1,-1,-1
111202002,4,2,2,200,100,0.21,0,1.8,3.21,0,0,0,0,0,0,-1,-1,-1,-1,200,-1,0,-1,-1,-1,-1,-1
111202003,4,2,3,300,100,0.31,0,2.7,4.82,0,0,0,0,0,0,-1,-1,-1,-1,300,-1,0,-1,-1,-1,-1,-1
111202004,4,2,4,400,100,0.41,0,3.6,6.43,0,0,0,0,0,0,-1,-1,-1,-1,400,-1,0,-1,-1,-1,-1,-1
111202005,4,2,5,500,100,0.51,0,4.5,8.04,0,0,0,0,0,0,-1,-1,-1,-1,500,-1,0,-1,-1,-1,-1,-1
111202006,4,2,6,600,100,0.62,0,5.4,9.64,0,0,0,0,0,0,-1,-1,-1,-1,600,-1,0,-1,-1,-1,-1,-1
111202007,4,2,7,700,100,0.72,0,6.3,11.25,0,0,0,0,0,0,-1,-1,-1,-1,700,-1,0,-1,-1,-1,-1,-1
111202008,4,2,8,800,100,0.82,0,7.2,12.86,0,0,0,0,0,0,-1,-1,-1,-1,800,-1,0,-1,-1,-1,-1,-1
111202009,4,2,9,900,100,0.93,0,8.1,14.46,0,0,0,0,0,0,-1,-1,-1,-1,900,-1,0,-1,-1,-1,-1,-1
111202010,4,2,10,1000,100,1.03,0,9,16.07,0,0,0,0,0,0,-1,-1,-1,-1,1000,-1,0,-1,-1,-1,-1,-1
111202011,4,2,11,1100,100,1.13,0,9.9,17.68,0,0,0,0,0,0,-1,-1,-1,-1,1100,-1,0,-1,-1,-1,-1,-1
111202012,4,2,12,1200,100,1.23,0,10.8,19.29,0,0,0,0,0,0,-1,-1,-1,-1,1200,-1,0,-1,-1,-1,-1,-1
111202013,4,2,13,1300,100,1.34,0,11.7,20.89,0,0,0,0,0,0,-1,-1,-1,-1,1300,-1,0,-1,-1,-1,-1,-1
111202014,4,2,14,1400,100,1.44,0,12.6,22.5,0,0,0,0,0,0,-1,-1,-1,-1,1400,-1,0,-1,-1,-1,-1,-1
111202015,4,2,15,1500,100,1.54,0,13.5,24.11,0,0,0,0,0,0,-1,-1,-1,-1,1500,-1,0,-1,-1,-1,-1,-1
111202016,4,2,16,1600,100,1.65,0,14.4,25.71,0,0,0,0,0,0,-1,-1,-1,-1,1600,-1,0,-1,-1,-1,-1,-1
111202017,4,2,17,1700,100,1.75,0,15.3,27.32,0,0,0,0,0,0,-1,-1,-1,-1,1700,-1,0,-1,-1,-1,-1,-1
111202018,4,2,18,1800,100,1.85,0,16.2,28.93,0,0,0,0,0,0,-1,-1,-1,-1,1800,-1,0,-1,-1,-1,-1,-1
111202019,4,2,19,1900,100,1.95,0,17.1,30.54,0,0,0,0,0,0,-1,-1,-1,-1,1900,-1,0,-1,-1,-1,-1,-1
111202020,4,2,20,2000,100,2.06,0,18,32.14,0,0,0,0,0,0,-1,-1,-1,-1,-1,-1,1,111302020,10000,-1,-1,-1
111302020,5,3,20,4000,100,3.24,0,28.35,50.63,0,0,0,0,0,0,-1,-1,-1,-1,2000,-1,0,-1,-1,-1,-1,-1
111302021,5,3,21,4200,100,3.39,0,29.7,53.04,0,0,0,0,0,0,-1,-1,-1,-1,2100,-1,0,-1,-1,-1,-1,-1
111302022,5,3,22,4400,100,3.55,0,31.05,55.45,0,0,0,0,0,0,-1,-1,-1,-1,2200,-1,0,-1,-1,-1,-1,-1
111302023,5,3,23,4600,100,3.7,0,32.4,57.86,0,0,0,0,0,0,-1,-1,-1,-1,2300,-1,0,-1,-1,-1,-1,-1
111302024,5,3,24,4800,100,3.86,0,33.75,60.27,0,0,0,0,0,0,-1,-1,-1,-1,2400,-1,0,-1,-1,-1,-1,-1
111302025,5,3,25,5000,100,4.01,0,35.1,62.68,0,0,0,0,0,0,-1,-1,-1,-1,2500,-1,0,-1,-1,-1,-1,-1
111302026,5,3,26,5200,100,4.17,0,36.45,65.09,0,0,0,0,0,0,-1,-1,-1,-1,2600,-1,0,-1,-1,-1,-1,-1
111302027,5,3,27,5400,100,4.32,0,37.8,67.5,0,0,0,0,0,0,-1,-1,-1,-1,2700,-1,0,-1,-1,-1,-1,-1
111302028,5,3,28,5600,100,4.47,0,39.15,69.91,0,0,0,0,0,0,-1,-1,-1,-1,2800,-1,0,-1,-1,-1,-1,-1
111302029,5,3,29,5800,100,4.63,0,40.5,72.32,0,0,0,0,0,0,-1,-1,-1,-1,2900,-1,0,-1,-1,-1,-1,-1
111302030,5,3,30,6000,100,4.78,0,41.85,74.73,0,0,0,0,0,0,-1,-1,-1,-1,3000,-1,0,-1,-1,-1,-1,-1
111302031,5,3,31,6200,100,4.94,0,43.2,77.14,0,0,0,0,0,0,-1,-1,-1,-1,3100,-1,0,-1,-1,-1,-1,-1
111302032,5,3,32,6400,100,5.09,0,44.55,79.55,0,0,0,0,0,0,-1,-1,-1,-1,3200,-1,0,-1,-1,-1,-1,-1
111302033,5,3,33,6600,100,5.25,0,45.9,81.96,0,0,0,0,0,0,-1,-1,-1,-1,3300,-1,0,-1,-1,-1,-1,-1
111302034,5,3,34,6800,100,5.4,0,47.25,84.38,0,0,0,0,0,0,-1,-1,-1,-1,3400,-1,0,-1,-1,-1,-1,-1
111302035,5,3,35,7000,100,5.55,0,48.6,86.79,0,0,0,0,0,0,-1,-1,-1,-1,3500,-1,0,-1,-1,-1,-1,-1
111302036,5,3,36,7200,100,5.71,0,49.95,89.2,0,0,0,0,0,0,-1,-1,-1,-1,3600,-1,0,-1,-1,-1,-1,-1
111302037,5,3,37,7400,100,5.86,0,51.3,91.61,0,0,0,0,0,0,-1,-1,-1,-1,3700,-1,0,-1,-1,-1,-1,-1
111302038,5,3,38,7600,100,6.02,0,52.65,94.02,0,0,0,0,0,0,-1,-1,-1,-1,3800,-1,0,-1,-1,-1,-1,-1
111302039,5,3,39,7800,100,6.17,0,54,96.43,0,0,0,0,0,0,-1,-1,-1,-1,3900,-1,0,-1,-1,-1,-1,-1
111302040,5,3,40,8000,100,6.33,0,55.35,98.84,0,0,0,0,0,0,-1,-1,-1,-1,-1,-1,1,111402040,20000,-1,-1,-1
111402040,6,4,40,12000,100,8.64,0,75.6,135,0,0,0,0,0,0,-1,-1,-1,-1,4000,-1,0,-1,-1,-1,-1,-1
111402041,6,4,41,12300,100,8.85,0,77.4,138.21,0,0,0,0,0,0,-1,-1,-1,-1,4100,-1,0,-1,-1,-1,-1,-1
111402042,6,4,42,12600,100,9.05,0,79.2,141.43,0,0,0,0,0,0,-1,-1,-1,-1,4200,-1,0,-1,-1,-1,-1,-1
111402043,6,4,43,12900,100,9.26,0,81,144.64,0,0,0,0,0,0,-1,-1,-1,-1,4300,-1,0,-1,-1,-1,-1,-1
111402044,6,4,44,13200,100,9.46,0,82.8,147.86,0,0,0,0,0,0,-1,-1,-1,-1,4400,-1,0,-1,-1,-1,-1,-1
111402045,6,4,45,13500,100,9.67,0,84.6,151.07,0,0,0,0,0,0,-1,-1,-1,-1,4500,-1,0,-1,-1,-1,-1,-1
111402046,6,4,46,13800,100,9.87,0,86.4,154.29,0,0,0,0,0,0,-1,-1,-1,-1,4600,-1,0,-1,-1,-1,-1,-1
111402047,6,4,47,14100,100,10.08,0,88.2,157.5,0,0,0,0,0,0,-1,-1,-1,-1,4700,-1,0,-1,-1,-1,-1,-1
111402048,6,4,48,14400,100,10.29,0,90,160.71,0,0,0,0,0,0,-1,-1,-1,-1,4800,-1,0,-1,-1,-1,-1,-1
111402049,6,4,49,14700,100,10.49,0,91.8,163.93,0,0,0,0,0,0,-1,-1,-1,-1,4900,-1,0,-1,-1,-1,-1,-1
111402050,6,4,50,15000,100,10.7,0,93.6,167.14,0,0,0,0,0,0,-1,-1,-1,-1,5000,-1,0,-1,-1,-1,-1,-1
111402051,6,4,51,15300,100,10.9,0,95.4,170.36,0,0,0,0,0,0,-1,-1,-1,-1,5100,-1,0,-1,-1,-1,-1,-1
111402052,6,4,52,15600,100,11.11,0,97.2,173.57,0,0,0,0,0,0,-1,-1,-1,-1,5200,-1,0,-1,-1,-1,-1,-1
111402053,6,4,53,15900,100,11.31,0,99,176.79,0,0,0,0,0,0,-1,-1,-1,-1,5300,-1,0,-1,-1,-1,-1,-1
111402054,6,4,54,16200,100,11.52,0,100.8,180,0,0,0,0,0,0,-1,-1,-1,-1,5400,-1,0,-1,-1,-1,-1,-1
111402055,6,4,55,16500,100,11.73,0,102.6,183.21,0,0,0,0,0,0,-1,-1,-1,-1,5500,-1,0,-1,-1,-1,-1,-1
111402056,6,4,56,16800,100,11.93,0,104.4,186.43,0,0,0,0,0,0,-1,-1,-1,-1,5600,-1,0,-1,-1,-1,-1,-1
111402057,6,4,57,17100,100,12.14,0,106.2,189.64,0,0,0,0,0,0,-1,-1,-1,-1,5700,-1,0,-1,-1,-1,-1,-1
111402058,6,4,58,17400,100,12.34,0,108,192.86,0,0,0,0,0,0,-1,-1,-1,-1,5800,-1,0,-1,-1,-1,-1,-1
111402059,6,4,59,17700,100,12.55,0,109.8,196.07,0,0,0,0,0,0,-1,-1,-1,-1,5900,-1,0,-1,-1,-1,-1,-1
111402060,6,4,60,18000,100,12.75,0,111.6,199.29,0,0,0,0,0,0,-1,-1,-1,-1,6000,-1,0,-1,-1,-1,-1,-1
111402061,6,4,61,18300,100,12.96,0,113.4,202.5,0,0,0,0,0,0,-1,-1,-1,-1,6100,-1,0,-1,-1,-1,-1,-1
111402062,6,4,62,18600,100,13.17,0,115.2,205.71,0,0,0,0,0,0,-1,-1,-1,-1,6200,-1,0,-1,-1,-1,-1,-1
111402063,6,4,63,18900,100,13.37,0,117,208.93,0,0,0,0,0,0,-1,-1,-1,-1,6300,-1,0,-1,-1,-1,-1,-1
111402064,6,4,64,19200,100,13.58,0,118.8,212.14,0,0,0,0,0,0,-1,-1,-1,-1,6400,-1,0,-1,-1,-1,-1,-1
111402065,6,4,65,19500,100,13.78,0,120.6,215.36,0,0,0,0,0,0,-1,-1,-1,-1,6500,-1,0,-1,-1,-1,-1,-1
111402066,6,4,66,19800,100,13.99,0,122.4,218.57,0,0,0,0,0,0,-1,-1,-1,-1,6600,-1,0,-1,-1,-1,-1,-1
111402067,6,4,67,20100,100,14.19,0,124.2,221.79,0,0,0,0,0,0,-1,-1,-1,-1,6700,-1,0,-1,-1,-1,-1,-1
111402068,6,4,68,20400,100,14.4,0,126,225,0,0,0,0,0,0,-1,-1,-1,-1,6800,-1,0,-1,-1,-1,-1,-1
111402069,6,4,69,20700,100,14.61,0,127.8,228.21,0,0,0,0,0,0,-1,-1,-1,-1,6900,-1,0,-1,-1,-1,-1,-1
111402070,6,4,70,21000,100,14.81,0,129.6,231.43,0,0,0,0,0,0,-1,-1,-1,-1,7000,-1,0,-1,-1,-1,-1,-1
111303001,7,3,1,100,100,0.1,0,0.92,1.64,0,0,0,0,0,0,-1,-1,-1,-1,100,-1,0,-1,-1,-1,-1,-1
111303002,7,3,2,200,100,0.21,0,1.84,3.28,0,0,0,0,0,0,-1,-1,-1,-1,200,-1,0,-1,-1,-1,-1,-1
111303003,7,3,3,300,100,0.31,0,2.76,4.92,0,0,0,0,0,0,-1,-1,-1,-1,300,-1,0,-1,-1,-1,-1,-1
111303004,7,3,4,400,100,0.42,0,3.68,6.56,0,0,0,0,0,0,-1,-1,-1,-1,400,-1,0,-1,-1,-1,-1,-1
111303005,7,3,5,500,100,0.52,0,4.59,8.2,0,0,0,0,0,0,-1,-1,-1,-1,500,-1,0,-1,-1,-1,-1,-1
111303006,7,3,6,600,100,0.63,0,5.51,9.84,0,0,0,0,0,0,-1,-1,-1,-1,600,-1,0,-1,-1,-1,-1,-1
111303007,7,3,7,700,100,0.73,0,6.43,11.48,0,0,0,0,0,0,-1,-1,-1,-1,700,-1,0,-1,-1,-1,-1,-1
111303008,7,3,8,800,100,0.84,0,7.35,13.12,0,0,0,0,0,0,-1,-1,-1,-1,800,-1,0,-1,-1,-1,-1,-1
111303009,7,3,9,900,100,0.94,0,8.27,14.77,0,0,0,0,0,0,-1,-1,-1,-1,900,-1,0,-1,-1,-1,-1,-1
111303010,7,3,10,1000,100,1.05,0,9.19,16.41,0,0,0,0,0,0,-1,-1,-1,-1,1000,-1,0,-1,-1,-1,-1,-1
111303011,7,3,11,1100,100,1.15,0,10.11,18.05,0,0,0,0,0,0,-1,-1,-1,-1,1100,-1,0,-1,-1,-1,-1,-1
111303012,7,3,12,1200,100,1.26,0,11.03,19.69,0,0,0,0,0,0,-1,-1,-1,-1,1200,-1,0,-1,-1,-1,-1,-1
111303013,7,3,13,1300,100,1.36,0,11.94,21.33,0,0,0,0,0,0,-1,-1,-1,-1,1300,-1,0,-1,-1,-1,-1,-1
111303014,7,3,14,1400,100,1.47,0,12.86,22.97,0,0,0,0,0,0,-1,-1,-1,-1,1400,-1,0,-1,-1,-1,-1,-1
111303015,7,3,15,1500,100,1.57,0,13.78,24.61,0,0,0,0,0,0,-1,-1,-1,-1,1500,-1,0,-1,-1,-1,-1,-1
111303016,7,3,16,1600,100,1.68,0,14.7,26.25,0,0,0,0,0,0,-1,-1,-1,-1,1600,-1,0,-1,-1,-1,-1,-1
111303017,7,3,17,1700,100,1.78,0,15.62,27.89,0,0,0,0,0,0,-1,-1,-1,-1,1700,-1,0,-1,-1,-1,-1,-1
111303018,7,3,18,1800,100,1.89,0,16.54,29.53,0,0,0,0,0,0,-1,-1,-1,-1,1800,-1,0,-1,-1,-1,-1,-1
111303019,7,3,19,1900,100,1.99,0,17.46,31.17,0,0,0,0,0,0,-1,-1,-1,-1,1900,-1,0,-1,-1,-1,-1,-1
111303020,7,3,20,2000,100,2.1,0,18.38,32.81,0,0,0,0,0,0,-1,-1,-1,-1,2000,-1,0,-1,-1,-1,-1,-1
111303021,7,3,21,2100,100,2.2,0,19.29,34.45,0,0,0,0,0,0,-1,-1,-1,-1,2100,-1,0,-1,-1,-1,-1,-1
111303022,7,3,22,2200,100,2.31,0,20.21,36.09,0,0,0,0,0,0,-1,-1,-1,-1,2200,-1,0,-1,-1,-1,-1,-1
111303023,7,3,23,2300,100,2.41,0,21.13,37.73,0,0,0,0,0,0,-1,-1,-1,-1,2300,-1,0,-1,-1,-1,-1,-1
111303024,7,3,24,2400,100,2.52,0,22.05,39.37,0,0,0,0,0,0,-1,-1,-1,-1,2400,-1,0,-1,-1,-1,-1,-1
111303025,7,3,25,2500,100,2.62,0,22.97,41.02,0,0,0,0,0,0,-1,-1,-1,-1,2500,-1,0,-1,-1,-1,-1,-1
111303026,7,3,26,2600,100,2.73,0,23.89,42.66,0,0,0,0,0,0,-1,-1,-1,-1,2600,-1,0,-1,-1,-1,-1,-1
111303027,7,3,27,2700,100,2.83,0,24.81,44.3,0,0,0,0,0,0,-1,-1,-1,-1,2700,-1,0,-1,-1,-1,-1,-1
111303028,7,3,28,2800,100,2.94,0,25.73,45.94,0,0,0,0,0,0,-1,-1,-1,-1,2800,-1,0,-1,-1,-1,-1,-1
111303029,7,3,29,2900,100,3.04,0,26.64,47.58,0,0,0,0,0,0,-1,-1,-1,-1,2900,-1,0,-1,-1,-1,-1,-1
111303030,7,3,30,3000,100,3.15,0,27.56,49.22,0,0,0,0,0,0,-1,-1,-1,-1,-1,-1,1,111403030,15000,-1,-1,-1
111403030,8,4,30,6000,100,4.88,0,42.72,76.29,0,0,0,0,0,0,-1,-1,-1,-1,3000,-1,0,-1,-1,-1,-1,-1
111403031,8,4,31,6200,100,5.04,0,44.1,78.75,0,0,0,0,0,0,-1,-1,-1,-1,3100,-1,0,-1,-1,-1,-1,-1
111403032,8,4,32,6400,100,5.2,0,45.48,81.21,0,0,0,0,0,0,-1,-1,-1,-1,3200,-1,0,-1,-1,-1,-1,-1
111403033,8,4,33,6600,100,5.35,0,46.86,83.67,0,0,0,0,0,0,-1,-1,-1,-1,3300,-1,0,-1,-1,-1,-1,-1
111403034,8,4,34,6800,100,5.51,0,48.23,86.13,0,0,0,0,0,0,-1,-1,-1,-1,3400,-1,0,-1,-1,-1,-1,-1
111403035,8,4,35,7000,100,5.67,0,49.61,88.59,0,0,0,0,0,0,-1,-1,-1,-1,3500,-1,0,-1,-1,-1,-1,-1
111403036,8,4,36,7200,100,5.83,0,50.99,91.05,0,0,0,0,0,0,-1,-1,-1,-1,3600,-1,0,-1,-1,-1,-1,-1
111403037,8,4,37,7400,100,5.98,0,52.37,93.52,0,0,0,0,0,0,-1,-1,-1,-1,3700,-1,0,-1,-1,-1,-1,-1
111403038,8,4,38,7600,100,6.14,0,53.75,95.98,0,0,0,0,0,0,-1,-1,-1,-1,3800,-1,0,-1,-1,-1,-1,-1
111403039,8,4,39,7800,100,6.3,0,55.13,98.44,0,0,0,0,0,0,-1,-1,-1,-1,3900,-1,0,-1,-1,-1,-1,-1
111403040,8,4,40,8000,100,6.46,0,56.5,100.9,0,0,0,0,0,0,-1,-1,-1,-1,4000,-1,0,-1,-1,-1,-1,-1
111403041,8,4,41,8200,100,6.61,0,57.88,103.36,0,0,0,0,0,0,-1,-1,-1,-1,4100,-1,0,-1,-1,-1,-1,-1
111403042,8,4,42,8400,100,6.77,0,59.26,105.82,0,0,0,0,0,0,-1,-1,-1,-1,4200,-1,0,-1,-1,-1,-1,-1
111403043,8,4,43,8600,100,6.93,0,60.64,108.28,0,0,0,0,0,0,-1,-1,-1,-1,4300,-1,0,-1,-1,-1,-1,-1
111403044,8,4,44,8800,100,7.09,0,62.02,110.74,0,0,0,0,0,0,-1,-1,-1,-1,4400,-1,0,-1,-1,-1,-1,-1
111403045,8,4,45,9000,100,7.24,0,63.39,113.2,0,0,0,0,0,0,-1,-1,-1,-1,4500,-1,0,-1,-1,-1,-1,-1
111403046,8,4,46,9200,100,7.4,0,64.77,115.66,0,0,0,0,0,0,-1,-1,-1,-1,4600,-1,0,-1,-1,-1,-1,-1
111403047,8,4,47,9400,100,7.56,0,66.15,118.12,0,0,0,0,0,0,-1,-1,-1,-1,4700,-1,0,-1,-1,-1,-1,-1
111403048,8,4,48,9600,100,7.72,0,67.53,120.59,0,0,0,0,0,0,-1,-1,-1,-1,4800,-1,0,-1,-1,-1,-1,-1
111403049,8,4,49,9800,100,7.87,0,68.91,123.05,0,0,0,0,0,0,-1,-1,-1,-1,4900,-1,0,-1,-1,-1,-1,-1
111403050,8,4,50,10000,100,8.03,0,70.28,125.51,0,0,0,0,0,0,-1,-1,-1,-1,5000,-1,0,-1,-1,-1,-1,-1
111403051,8,4,51,10200,100,8.19,0,71.66,127.97,0,0,0,0,0,0,-1,-1,-1,-1,5100,-1,0,-1,-1,-1,-1,-1
111403052,8,4,52,10400,100,8.35,0,73.04,130.43,0,0,0,0,0,0,-1,-1,-1,-1,5200,-1,0,-1,-1,-1,-1,-1
111403053,8,4,53,10600,100,8.5,0,74.42,132.89,0,0,0,0,0,0,-1,-1,-1,-1,5300,-1,0,-1,-1,-1,-1,-1
111403054,8,4,54,10800,100,8.66,0,75.8,135.35,0,0,0,0,0,0,-1,-1,-1,-1,5400,-1,0,-1,-1,-1,-1,-1
111403055,8,4,55,11000,100,8.82,0,77.18,137.81,0,0,0,0,0,0,-1,-1,-1,-1,5500,-1,0,-1,-1,-1,-1,-1
111403056,8,4,56,11200,100,8.98,0,78.55,140.27,0,0,0,0,0,0,-1,-1,-1,-1,5600,-1,0,-1,-1,-1,-1,-1
111403057,8,4,57,11400,100,9.13,0,79.93,142.73,0,0,0,0,0,0,-1,-1,-1,-1,5700,-1,0,-1,-1,-1,-1,-1
111403058,8,4,58,11600,100,9.29,0,81.31,145.2,0,0,0,0,0,0,-1,-1,-1,-1,5800,-1,0,-1,-1,-1,-1,-1
111403059,8,4,59,11800,100,9.45,0,82.69,147.66,0,0,0,0,0,0,-1,-1,-1,-1,5900,-1,0,-1,-1,-1,-1,-1
111403060,8,4,60,12000,100,9.61,0,84.07,150.12,0,0,0,0,0,0,-1,-1,-1,-1,-1,-1,1,111503060,30000,-1,-1,-1
111503060,9,5,60,18000,100,13.02,0,113.93,203.44,0,0,0,0,0,0,-1,-1,-1,-1,6000,-1,0,-1,-1,-1,-1,-1
111503061,9,5,61,18300,100,13.23,0,115.76,206.72,0,0,0,0,0,0,-1,-1,-1,-1,6100,-1,0,-1,-1,-1,-1,-1
111503062,9,5,62,18600,100,13.44,0,117.6,210,0,0,0,0,0,0,-1,-1,-1,-1,6200,-1,0,-1,-1,-1,-1,-1
111503063,9,5,63,18900,100,13.65,0,119.44,213.28,0,0,0,0,0,0,-1,-1,-1,-1,6300,-1,0,-1,-1,-1,-1,-1
111503064,9,5,64,19200,100,13.86,0,121.28,216.56,0,0,0,0,0,0,-1,-1,-1,-1,6400,-1,0,-1,-1,-1,-1,-1
111503065,9,5,65,19500,100,14.07,0,123.11,219.84,0,0,0,0,0,0,-1,-1,-1,-1,6500,-1,0,-1,-1,-1,-1,-1
111503066,9,5,66,19800,100,14.28,0,124.95,223.12,0,0,0,0,0,0,-1,-1,-1,-1,6600,-1,0,-1,-1,-1,-1,-1
111503067,9,5,67,20100,100,14.49,0,126.79,226.41,0,0,0,0,0,0,-1,-1,-1,-1,6700,-1,0,-1,-1,-1,-1,-1
111503068,9,5,68,20400,100,14.7,0,128.63,229.69,0,0,0,0,0,0,-1,-1,-1,-1,6800,-1,0,-1,-1,-1,-1,-1
111503069,9,5,69,20700,100,14.91,0,130.46,232.97,0,0,0,0,0,0,-1,-1,-1,-1,6900,-1,0,-1,-1,-1,-1,-1
111503070,9,5,70,21000,100,15.12,0,132.3,236.25,0,0,0,0,0,0,-1,-1,-1,-1,7000,-1,0,-1,-1,-1,-1,-1
111503071,9,5,71,21300,100,15.33,0,134.14,239.53,0,0,0,0,0,0,-1,-1,-1,-1,7100,-1,0,-1,-1,-1,-1,-1
111503072,9,5,72,21600,100,15.54,0,135.98,242.81,0,0,0,0,0,0,-1,-1,-1,-1,7200,-1,0,-1,-1,-1,-1,-1
111503073,9,5,73,21900,100,15.75,0,137.81,246.09,0,0,0,0,0,0,-1,-1,-1,-1,7300,-1,0,-1,-1,-1,-1,-1
111503074,9,5,74,22200,100,15.96,0,139.65,249.37,0,0,0,0,0,0,-1,-1,-1,-1,7400,-1,0,-1,-1,-1,-1,-1
111503075,9,5,75,22500,100,16.17,0,141.49,252.66,0,0,0,0,0,0,-1,-1,-1,-1,7500,-1,0,-1,-1,-1,-1,-1
111503076,9,5,76,22800,100,16.38,0,143.33,255.94,0,0,0,0,0,0,-1,-1,-1,-1,7600,-1,0,-1,-1,-1,-1,-1
111503077,9,5,77,23100,100,16.59,0,145.16,259.22,0,0,0,0,0,0,-1,-1,-1,-1,7700,-1,0,-1,-1,-1,-1,-1
111503078,9,5,78,23400,100,16.8,0,147,262.5,0,0,0,0,0,0,-1,-1,-1,-1,7800,-1,0,-1,-1,-1,-1,-1
111503079,9,5,79,23700,100,17.01,0,148.84,265.78,0,0,0,0,0,0,-1,-1,-1,-1,7900,-1,0,-1,-1,-1,-1,-1
111503080,9,5,80,24000,100,17.22,0,150.68,269.06,0,0,0,0,0,0,-1,-1,-1,-1,8000,-1,0,-1,-1,-1,-1,-1
112104001,10,1,1,100,100,0,0,0,0,0.83,0.0075,0.0019,0,0,0,-1,-1,-1,-1,100,-1,0,-1,-1,-1,-1,-1
112104002,10,1,2,200,100,0,0,0,0,1.67,0.015,0.0037,0,0,0,-1,-1,-1,-1,200,-1,0,-1,-1,-1,-1,-1
112104003,10,1,3,300,100,0,0,0,0,2.5,0.0225,0.0056,0,0,0,-1,-1,-1,-1,300,-1,0,-1,-1,-1,-1,-1
112104004,10,1,4,400,100,0,0,0,0,3.33,0.03,0.0075,0,0,0,-1,-1,-1,-1,400,-1,0,-1,-1,-1,-1,-1
112104005,10,1,5,500,100,0,0,0,0,4.17,0.0375,0.0094,0,0,0,-1,-1,-1,-1,500,-1,0,-1,-1,-1,-1,-1
112104006,10,1,6,600,100,0,0,0,0,5,0.045,0.0112,0,0,0,-1,-1,-1,-1,600,-1,0,-1,-1,-1,-1,-1
112104007,10,1,7,700,100,0,0,0,0,5.83,0.0525,0.0131,0,0,0,-1,-1,-1,-1,700,-1,0,-1,-1,-1,-1,-1
112104008,10,1,8,800,100,0,0,0,0,6.67,0.06,0.015,0,0,0,-1,-1,-1,-1,800,-1,0,-1,-1,-1,-1,-1
112104009,10,1,9,900,100,0,0,0,0,7.5,0.0675,0.0169,0,0,0,-1,-1,-1,-1,900,-1,0,-1,-1,-1,-1,-1
112104010,10,1,10,1000,100,0,0,0,0,8.33,0.075,0.0187,0,0,0,-1,-1,-1,-1,1000,-1,0,-1,-1,-1,-1,-1
112104011,10,1,11,1100,100,0,0,0,0,9.17,0.0825,0.0206,0,0,0,-1,-1,-1,-1,1100,-1,0,-1,-1,-1,-1,-1
112104012,10,1,12,1200,100,0,0,0,0,10,0.09,0.0225,0,0,0,-1,-1,-1,-1,1200,-1,0,-1,-1,-1,-1,-1
112104013,10,1,13,1300,100,0,0,0,0,10.83,0.0975,0.0244,0,0,0,-1,-1,-1,-1,1300,-1,0,-1,-1,-1,-1,-1
112104014,10,1,14,1400,100,0,0,0,0,11.67,0.105,0.0262,0,0,0,-1,-1,-1,-1,1400,-1,0,-1,-1,-1,-1,-1
112104015,10,1,15,1500,100,0,0,0,0,12.5,0.1125,0.0281,0,0,0,-1,-1,-1,-1,1500,-1,0,-1,-1,-1,-1,-1
112104016,10,1,16,1600,100,0,0,0,0,13.33,0.12,0.03,0,0,0,-1,-1,-1,-1,1600,-1,0,-1,-1,-1,-1,-1
112104017,10,1,17,1700,100,0,0,0,0,14.17,0.1275,0.0319,0,0,0,-1,-1,-1,-1,1700,-1,0,-1,-1,-1,-1,-1
112104018,10,1,18,1800,100,0,0,0,0,15,0.135,0.0337,0,0,0,-1,-1,-1,-1,1800,-1,0,-1,-1,-1,-1,-1
112104019,10,1,19,1900,100,0,0,0,0,15.83,0.1425,0.0356,0,0,0,-1,-1,-1,-1,1900,-1,0,-1,-1,-1,-1,-1
112104020,10,1,20,2000,100,0,0,0,0,16.67,0.15,0.0375,0,0,0,-1,-1,-1,-1,-1,-1,1,112204020,10000,-1,-1,-1
112204020,11,2,20,4000,100,0,0,0,0,26.25,0.2362,0.0591,0,0,0,-1,-1,-1,-1,2000,-1,0,-1,-1,-1,-1,-1
112204021,11,2,21,4200,100,0,0,0,0,27.5,0.2475,0.0619,0,0,0,-1,-1,-1,-1,2100,-1,0,-1,-1,-1,-1,-1
112204022,11,2,22,4400,100,0,0,0,0,28.75,0.2587,0.0647,0,0,0,-1,-1,-1,-1,2200,-1,0,-1,-1,-1,-1,-1
112204023,11,2,23,4600,100,0,0,0,0,30,0.27,0.0675,0,0,0,-1,-1,-1,-1,2300,-1,0,-1,-1,-1,-1,-1
112204024,11,2,24,4800,100,0,0,0,0,31.25,0.2812,0.0703,0,0,0,-1,-1,-1,-1,2400,-1,0,-1,-1,-1,-1,-1
112204025,11,2,25,5000,100,0,0,0,0,32.5,0.2925,0.0731,0,0,0,-1,-1,-1,-1,2500,-1,0,-1,-1,-1,-1,-1
112204026,11,2,26,5200,100,0,0,0,0,33.75,0.3037,0.0759,0,0,0,-1,-1,-1,-1,2600,-1,0,-1,-1,-1,-1,-1
112204027,11,2,27,5400,100,0,0,0,0,35,0.315,0.0787,0,0,0,-1,-1,-1,-1,2700,-1,0,-1,-1,-1,-1,-1
112204028,11,2,28,5600,100,0,0,0,0,36.25,0.3262,0.0816,0,0,0,-1,-1,-1,-1,2800,-1,0,-1,-1,-1,-1,-1
112204029,11,2,29,5800,100,0,0,0,0,37.5,0.3375,0.0844,0,0,0,-1,-1,-1,-1,2900,-1,0,-1,-1,-1,-1,-1
112204030,11,2,30,6000,100,0,0,0,0,38.75,0.3487,0.0872,0,0,0,-1,-1,-1,-1,3000,-1,0,-1,-1,-1,-1,-1
112204031,11,2,31,6200,100,0,0,0,0,40,0.36,0.09,0,0,0,-1,-1,-1,-1,3100,-1,0,-1,-1,-1,-1,-1
112204032,11,2,32,6400,100,0,0,0,0,41.25,0.3712,0.0928,0,0,0,-1,-1,-1,-1,3200,-1,0,-1,-1,-1,-1,-1
112204033,11,2,33,6600,100,0,0,0,0,42.5,0.3825,0.0956,0,0,0,-1,-1,-1,-1,3300,-1,0,-1,-1,-1,-1,-1
112204034,11,2,34,6800,100,0,0,0,0,43.75,0.3937,0.0984,0,0,0,-1,-1,-1,-1,3400,-1,0,-1,-1,-1,-1,-1
112204035,11,2,35,7000,100,0,0,0,0,45,0.405,0.1012,0,0,0,-1,-1,-1,-1,3500,-1,0,-1,-1,-1,-1,-1
112204036,11,2,36,7200,100,0,0,0,0,46.25,0.4162,0.1041,0,0,0,-1,-1,-1,-1,3600,-1,0,-1,-1,-1,-1,-1
112204037,11,2,37,7400,100,0,0,0,0,47.5,0.4275,0.1069,0,0,0,-1,-1,-1,-1,3700,-1,0,-1,-1,-1,-1,-1
112204038,11,2,38,7600,100,0,0,0,0,48.75,0.4387,0.1097,0,0,0,-1,-1,-1,-1,3800,-1,0,-1,-1,-1,-1,-1
112204039,11,2,39,7800,100,0,0,0,0,50,0.45,0.1125,0,0,0,-1,-1,-1,-1,3900,-1,0,-1,-1,-1,-1,-1
112204040,11,2,40,8000,100,0,0,0,0,51.25,0.4612,0.1153,0,0,0,-1,-1,-1,-1,-1,-1,1,112304040,20000,-1,-1,-1
112304040,12,3,40,12000,100,0,0,0,0,70,0.63,0.1575,0,0,0,-1,-1,-1,-1,4000,-1,0,-1,-1,-1,-1,-1
112304041,12,3,41,12300,100,0,0,0,0,71.67,0.645,0.1612,0,0,0,-1,-1,-1,-1,4100,-1,0,-1,-1,-1,-1,-1
112304042,12,3,42,12600,100,0,0,0,0,73.33,0.66,0.165,0,0,0,-1,-1,-1,-1,4200,-1,0,-1,-1,-1,-1,-1
112304043,12,3,43,12900,100,0,0,0,0,75,0.675,0.1687,0,0,0,-1,-1,-1,-1,4300,-1,0,-1,-1,-1,-1,-1
112304044,12,3,44,13200,100,0,0,0,0,76.67,0.69,0.1725,0,0,0,-1,-1,-1,-1,4400,-1,0,-1,-1,-1,-1,-1
112304045,12,3,45,13500,100,0,0,0,0,78.33,0.705,0.1762,0,0,0,-1,-1,-1,-1,4500,-1,0,-1,-1,-1,-1,-1
112304046,12,3,46,13800,100,0,0,0,0,80,0.72,0.18,0,0,0,-1,-1,-1,-1,4600,-1,0,-1,-1,-1,-1,-1
112304047,12,3,47,14100,100,0,0,0,0,81.67,0.735,0.1837,0,0,0,-1,-1,-1,-1,4700,-1,0,-1,-1,-1,-1,-1
112304048,12,3,48,14400,100,0,0,0,0,83.33,0.75,0.1875,0,0,0,-1,-1,-1,-1,4800,-1,0,-1,-1,-1,-1,-1
112304049,12,3,49,14700,100,0,0,0,0,85,0.765,0.1912,0,0,0,-1,-1,-1,-1,4900,-1,0,-1,-1,-1,-1,-1
112304050,12,3,50,15000,100,0,0,0,0,86.67,0.78,0.195,0,0,0,-1,-1,-1,-1,5000,-1,0,-1,-1,-1,-1,-1
112304051,12,3,51,15300,100,0,0,0,0,88.33,0.795,0.1987,0,0,0,-1,-1,-1,-1,5100,-1,0,-1,-1,-1,-1,-1
112304052,12,3,52,15600,100,0,0,0,0,90,0.81,0.2025,0,0,0,-1,-1,-1,-1,5200,-1,0,-1,-1,-1,-1,-1
112304053,12,3,53,15900,100,0,0,0,0,91.67,0.825,0.2062,0,0,0,-1,-1,-1,-1,5300,-1,0,-1,-1,-1,-1,-1
112304054,12,3,54,16200,100,0,0,0,0,93.33,0.84,0.21,0,0,0,-1,-1,-1,-1,5400,-1,0,-1,-1,-1,-1,-1
112304055,12,3,55,16500,100,0,0,0,0,95,0.855,0.2137,0,0,0,-1,-1,-1,-1,5500,-1,0,-1,-1,-1,-1,-1
112304056,12,3,56,16800,100,0,0,0,0,96.67,0.87,0.2175,0,0,0,-1,-1,-1,-1,5600,-1,0,-1,-1,-1,-1,-1
112304057,12,3,57,17100,100,0,0,0,0,98.33,0.885,0.2212,0,0,0,-1,-1,-1,-1,5700,-1,0,-1,-1,-1,-1,-1
112304058,12,3,58,17400,100,0,0,0,0,100,0.9,0.225,0,0,0,-1,-1,-1,-1,5800,-1,0,-1,-1,-1,-1,-1
112304059,12,3,59,17700,100,0,0,0,0,101.67,0.915,0.2287,0,0,0,-1,-1,-1,-1,5900,-1,0,-1,-1,-1,-1,-1
112304060,12,3,60,18000,100,0,0,0,0,103.33,0.93,0.2325,0,0,0,-1,-1,-1,-1,6000,-1,0,-1,-1,-1,-1,-1
112205001,13,2,1,100,100,0,0,0,0,0.86,0.0077,0.0019,0,0,0,-1,-1,-1,-1,100,-1,0,-1,-1,-1,-1,-1
112205002,13,2,2,200,100,0,0,0,0,1.71,0.0154,0.0039,0,0,0,-1,-1,-1,-1,200,-1,0,-1,-1,-1,-1,-1
112205003,13,2,3,300,100,0,0,0,0,2.57,0.0231,0.0058,0,0,0,-1,-1,-1,-1,300,-1,0,-1,-1,-1,-1,-1
112205004,13,2,4,400,100,0,0,0,0,3.43,0.0309,0.0077,0,0,0,-1,-1,-1,-1,400,-1,0,-1,-1,-1,-1,-1
112205005,13,2,5,500,100,0,0,0,0,4.29,0.0386,0.0096,0,0,0,-1,-1,-1,-1,500,-1,0,-1,-1,-1,-1,-1
112205006,13,2,6,600,100,0,0,0,0,5.14,0.0463,0.0116,0,0,0,-1,-1,-1,-1,600,-1,0,-1,-1,-1,-1,-1
112205007,13,2,7,700,100,0,0,0,0,6,0.054,0.0135,0,0,0,-1,-1,-1,-1,700,-1,0,-1,-1,-1,-1,-1
112205008,13,2,8,800,100,0,0,0,0,6.86,0.0617,0.0154,0,0,0,-1,-1,-1,-1,800,-1,0,-1,-1,-1,-1,-1
112205009,13,2,9,900,100,0,0,0,0,7.71,0.0694,0.0174,0,0,0,-1,-1,-1,-1,900,-1,0,-1,-1,-1,-1,-1
112205010,13,2,10,1000,100,0,0,0,0,8.57,0.0771,0.0193,0,0,0,-1,-1,-1,-1,1000,-1,0,-1,-1,-1,-1,-1
112205011,13,2,11,1100,100,0,0,0,0,9.43,0.0849,0.0212,0,0,0,-1,-1,-1,-1,1100,-1,0,-1,-1,-1,-1,-1
112205012,13,2,12,1200,100,0,0,0,0,10.29,0.0926,0.0231,0,0,0,-1,-1,-1,-1,1200,-1,0,-1,-1,-1,-1,-1
112205013,13,2,13,1300,100,0,0,0,0,11.14,0.1003,0.0251,0,0,0,-1,-1,-1,-1,1300,-1,0,-1,-1,-1,-1,-1
112205014,13,2,14,1400,100,0,0,0,0,12,0.108,0.027,0,0,0,-1,-1,-1,-1,1400,-1,0,-1,-1,-1,-1,-1
112205015,13,2,15,1500,100,0,0,0,0,12.86,0.1157,0.0289,0,0,0,-1,-1,-1,-1,1500,-1,0,-1,-1,-1,-1,-1
112205016,13,2,16,1600,100,0,0,0,0,13.71,0.1234,0.0309,0,0,0,-1,-1,-1,-1,1600,-1,0,-1,-1,-1,-1,-1
112205017,13,2,17,1700,100,0,0,0,0,14.57,0.1311,0.0328,0,0,0,-1,-1,-1,-1,1700,-1,0,-1,-1,-1,-1,-1
112205018,13,2,18,1800,100,0,0,0,0,15.43,0.1389,0.0347,0,0,0,-1,-1,-1,-1,1800,-1,0,-1,-1,-1,-1,-1
112205019,13,2,19,1900,100,0,0,0,0,16.29,0.1466,0.0366,0,0,0,-1,-1,-1,-1,1900,-1,0,-1,-1,-1,-1,-1
112205020,13,2,20,2000,100,0,0,0,0,17.14,0.1543,0.0386,0,0,0,-1,-1,-1,-1,-1,-1,1,112305020,10000,-1,-1,-1
112305020,14,3,20,4000,100,0,0,0,0,27,0.243,0.0608,0,0,0,-1,-1,-1,-1,2000,-1,0,-1,-1,-1,-1,-1
112305021,14,3,21,4200,100,0,0,0,0,28.29,0.2546,0.0636,0,0,0,-1,-1,-1,-1,2100,-1,0,-1,-1,-1,-1,-1
112305022,14,3,22,4400,100,0,0,0,0,29.57,0.2661,0.0665,0,0,0,-1,-1,-1,-1,2200,-1,0,-1,-1,-1,-1,-1
112305023,14,3,23,4600,100,0,0,0,0,30.86,0.2777,0.0694,0,0,0,-1,-1,-1,-1,2300,-1,0,-1,-1,-1,-1,-1
112305024,14,3,24,4800,100,0,0,0,0,32.14,0.2893,0.0723,0,0,0,-1,-1,-1,-1,2400,-1,0,-1,-1,-1,-1,-1
112305025,14,3,25,5000,100,0,0,0,0,33.43,0.3009,0.0752,0,0,0,-1,-1,-1,-1,2500,-1,0,-1,-1,-1,-1,-1
112305026,14,3,26,5200,100,0,0,0,0,34.71,0.3124,0.0781,0,0,0,-1,-1,-1,-1,2600,-1,0,-1,-1,-1,-1,-1
112305027,14,3,27,5400,100,0,0,0,0,36,0.324,0.081,0,0,0,-1,-1,-1,-1,2700,-1,0,-1,-1,-1,-1,-1
112305028,14,3,28,5600,100,0,0,0,0,37.29,0.3356,0.0839,0,0,0,-1,-1,-1,-1,2800,-1,0,-1,-1,-1,-1,-1
112305029,14,3,29,5800,100,0,0,0,0,38.57,0.3471,0.0868,0,0,0,-1,-1,-1,-1,2900,-1,0,-1,-1,-1,-1,-1
112305030,14,3,30,6000,100,0,0,0,0,39.86,0.3587,0.0897,0,0,0,-1,-1,-1,-1,3000,-1,0,-1,-1,-1,-1,-1
112305031,14,3,31,6200,100,0,0,0,0,41.14,0.3703,0.0926,0,0,0,-1,-1,-1,-1,3100,-1,0,-1,-1,-1,-1,-1
112305032,14,3,32,6400,100,0,0,0,0,42.43,0.3819,0.0955,0,0,0,-1,-1,-1,-1,3200,-1,0,-1,-1,-1,-1,-1
112305033,14,3,33,6600,100,0,0,0,0,43.71,0.3934,0.0984,0,0,0,-1,-1,-1,-1,3300,-1,0,-1,-1,-1,-1,-1
112305034,14,3,34,6800,100,0,0,0,0,45,0.405,0.1013,0,0,0,-1,-1,-1,-1,3400,-1,0,-1,-1,-1,-1,-1
112305035,14,3,35,7000,100,0,0,0,0,46.29,0.4166,0.1041,0,0,0,-1,-1,-1,-1,3500,-1,0,-1,-1,-1,-1,-1
112305036,14,3,36,7200,100,0,0,0,0,47.57,0.4281,0.107,0,0,0,-1,-1,-1,-1,3600,-1,0,-1,-1,-1,-1,-1
112305037,14,3,37,7400,100,0,0,0,0,48.86,0.4397,0.1099,0,0,0,-1,-1,-1,-1,3700,-1,0,-1,-1,-1,-1,-1
112305038,14,3,38,7600,100,0,0,0,0,50.14,0.4513,0.1128,0,0,0,-1,-1,-1,-1,3800,-1,0,-1,-1,-1,-1,-1
112305039,14,3,39,7800,100,0,0,0,0,51.43,0.4629,0.1157,0,0,0,-1,-1,-1,-1,3900,-1,0,-1,-1,-1,-1,-1
112305040,14,3,40,8000,100,0,0,0,0,52.71,0.4744,0.1186,0,0,0,-1,-1,-1,-1,-1,-1,1,112405040,20000,-1,-1,-1
112405040,15,4,40,12000,100,0,0,0,0,72,0.648,0.162,0,0,0,-1,-1,-1,-1,4000,-1,0,-1,-1,-1,-1,-1
112405041,15,4,41,12300,100,0,0,0,0,73.71,0.6634,0.1659,0,0,0,-1,-1,-1,-1,4100,-1,0,-1,-1,-1,-1,-1
112405042,15,4,42,12600,100,0,0,0,0,75.43,0.6789,0.1697,0,0,0,-1,-1,-1,-1,4200,-1,0,-1,-1,-1,-1,-1
112405043,15,4,43,12900,100,0,0,0,0,77.14,0.6943,0.1736,0,0,0,-1,-1,-1,-1,4300,-1,0,-1,-1,-1,-1,-1
112405044,15,4,44,13200,100,0,0,0,0,78.86,0.7097,0.1774,0,0,0,-1,-1,-1,-1,4400,-1,0,-1,-1,-1,-1,-1
112405045,15,4,45,13500,100,0,0,0,0,80.57,0.7251,0.1813,0,0,0,-1,-1,-1,-1,4500,-1,0,-1,-1,-1,-1,-1
112405046,15,4,46,13800,100,0,0,0,0,82.29,0.7406,0.1851,0,0,0,-1,-1,-1,-1,4600,-1,0,-1,-1,-1,-1,-1
112405047,15,4,47,14100,100,0,0,0,0,84,0.756,0.189,0,0,0,-1,-1,-1,-1,4700,-1,0,-1,-1,-1,-1,-1
112405048,15,4,48,14400,100,0,0,0,0,85.71,0.7714,0.1929,0,0,0,-1,-1,-1,-1,4800,-1,0,-1,-1,-1,-1,-1
112405049,15,4,49,14700,100,0,0,0,0,87.43,0.7869,0.1967,0,0,0,-1,-1,-1,-1,4900,-1,0,-1,-1,-1,-1,-1
112405050,15,4,50,15000,100,0,0,0,0,89.14,0.8023,0.2006,0,0,0,-1,-1,-1,-1,5000,-1,0,-1,-1,-1,-1,-1
112405051,15,4,51,15300,100,0,0,0,0,90.86,0.8177,0.2044,0,0,0,-1,-1,-1,-1,5100,-1,0,-1,-1,-1,-1,-1
112405052,15,4,52,15600,100,0,0,0,0,92.57,0.8331,0.2083,0,0,0,-1,-1,-1,-1,5200,-1,0,-1,-1,-1,-1,-1
112405053,15,4,53,15900,100,0,0,0,0,94.29,0.8486,0.2121,0,0,0,-1,-1,-1,-1,5300,-1,0,-1,-1,-1,-1,-1
112405054,15,4,54,16200,100,0,0,0,0,96,0.864,0.216,0,0,0,-1,-1,-1,-1,5400,-1,0,-1,-1,-1,-1,-1
112405055,15,4,55,16500,100,0,0,0,0,97.71,0.8794,0.2199,0,0,0,-1,-1,-1,-1,5500,-1,0,-1,-1,-1,-1,-1
112405056,15,4,56,16800,100,0,0,0,0,99.43,0.8949,0.2237,0,0,0,-1,-1,-1,-1,5600,-1,0,-1,-1,-1,-1,-1
112405057,15,4,57,17100,100,0,0,0,0,101.14,0.9103,0.2276,0,0,0,-1,-1,-1,-1,5700,-1,0,-1,-1,-1,-1,-1
112405058,15,4,58,17400,100,0,0,0,0,102.86,0.9257,0.2314,0,0,0,-1,-1,-1,-1,5800,-1,0,-1,-1,-1,-1,-1
112405059,15,4,59,17700,100,0,0,0,0,104.57,0.9411,0.2353,0,0,0,-1,-1,-1,-1,5900,-1,0,-1,-1,-1,-1,-1
112405060,15,4,60,18000,100,0,0,0,0,106.29,0.9566,0.2391,0,0,0,-1,-1,-1,-1,6000,-1,0,-1,-1,-1,-1,-1
112405061,15,4,61,18300,100,0,0,0,0,108,0.972,0.243,0,0,0,-1,-1,-1,-1,6100,-1,0,-1,-1,-1,-1,-1
112405062,15,4,62,18600,100,0,0,0,0,109.71,0.9874,0.2469,0,0,0,-1,-1,-1,-1,6200,-1,0,-1,-1,-1,-1,-1
112405063,15,4,63,18900,100,0,0,0,0,111.43,1.0029,0.2507,0,0,0,-1,-1,-1,-1,6300,-1,0,-1,-1,-1,-1,-1
112405064,15,4,64,19200,100,0,0,0,0,113.14,1.0183,0.2546,0,0,0,-1,-1,-1,-1,6400,-1,0,-1,-1,-1,-1,-1
112405065,15,4,65,19500,100,0,0,0,0,114.86,1.0337,0.2584,0,0,0,-1,-1,-1,-1,6500,-1,0,-1,-1,-1,-1,-1
112405066,15,4,66,19800,100,0,0,0,0,116.57,1.0491,0.2623,0,0,0,-1,-1,-1,-1,6600,-1,0,-1,-1,-1,-1,-1
112405067,15,4,67,20100,100,0,0,0,0,118.29,1.0646,0.2661,0,0,0,-1,-1,-1,-1,6700,-1,0,-1,-1,-1,-1,-1
112405068,15,4,68,20400,100,0,0,0,0,120,1.08,0.27,0,0,0,-1,-1,-1,-1,6800,-1,0,-1,-1,-1,-1,-1
112405069,15,4,69,20700,100,0,0,0,0,121.71,1.0954,0.2739,0,0,0,-1,-1,-1,-1,6900,-1,0,-1,-1,-1,-1,-1
112405070,15,4,70,21000,100,0,0,0,0,123.43,1.1109,0.2777,0,0,0,-1,-1,-1,-1,7000,-1,0,-1,-1,-1,-1,-1
112306001,16,3,1,100,100,0,0,0,0,0.87,0.0079,0.002,0,0,0,-1,-1,-1,-1,100,-1,0,-1,-1,-1,-1,-1
112306002,16,3,2,200,100,0,0,0,0,1.75,0.0157,0.0039,0,0,0,-1,-1,-1,-1,200,-1,0,-1,-1,-1,-1,-1
112306003,16,3,3,300,100,0,0,0,0,2.62,0.0236,0.0059,0,0,0,-1,-1,-1,-1,300,-1,0,-1,-1,-1,-1,-1
112306004,16,3,4,400,100,0,0,0,0,3.5,0.0315,0.0079,0,0,0,-1,-1,-1,-1,400,-1,0,-1,-1,-1,-1,-1
112306005,16,3,5,500,100,0,0,0,0,4.37,0.0394,0.0098,0,0,0,-1,-1,-1,-1,500,-1,0,-1,-1,-1,-1,-1
112306006,16,3,6,600,100,0,0,0,0,5.25,0.0472,0.0118,0,0,0,-1,-1,-1,-1,600,-1,0,-1,-1,-1,-1,-1
112306007,16,3,7,700,100,0,0,0,0,6.12,0.0551,0.0138,0,0,0,-1,-1,-1,-1,700,-1,0,-1,-1,-1,-1,-1
112306008,16,3,8,800,100,0,0,0,0,7,0.063,0.0157,0,0,0,-1,-1,-1,-1,800,-1,0,-1,-1,-1,-1,-1
112306009,16,3,9,900,100,0,0,0,0,7.87,0.0709,0.0177,0,0,0,-1,-1,-1,-1,900,-1,0,-1,-1,-1,-1,-1
112306010,16,3,10,1000,100,0,0,0,0,8.75,0.0787,0.0197,0,0,0,-1,-1,-1,-1,1000,-1,0,-1,-1,-1,-1,-1
112306011,16,3,11,1100,100,0,0,0,0,9.62,0.0866,0.0217,0,0,0,-1,-1,-1,-1,1100,-1,0,-1,-1,-1,-1,-1
112306012,16,3,12,1200,100,0,0,0,0,10.5,0.0945,0.0236,0,0,0,-1,-1,-1,-1,1200,-1,0,-1,-1,-1,-1,-1
112306013,16,3,13,1300,100,0,0,0,0,11.37,0.1024,0.0256,0,0,0,-1,-1,-1,-1,1300,-1,0,-1,-1,-1,-1,-1
112306014,16,3,14,1400,100,0,0,0,0,12.25,0.1102,0.0276,0,0,0,-1,-1,-1,-1,1400,-1,0,-1,-1,-1,-1,-1
112306015,16,3,15,1500,100,0,0,0,0,13.12,0.1181,0.0295,0,0,0,-1,-1,-1,-1,1500,-1,0,-1,-1,-1,-1,-1
112306016,16,3,16,1600,100,0,0,0,0,14,0.126,0.0315,0,0,0,-1,-1,-1,-1,1600,-1,0,-1,-1,-1,-1,-1
112306017,16,3,17,1700,100,0,0,0,0,14.87,0.1339,0.0335,0,0,0,-1,-1,-1,-1,1700,-1,0,-1,-1,-1,-1,-1
112306018,16,3,18,1800,100,0,0,0,0,15.75,0.1417,0.0354,0,0,0,-1,-1,-1,-1,1800,-1,0,-1,-1,-1,-1,-1
112306019,16,3,19,1900,100,0,0,0,0,16.62,0.1496,0.0374,0,0,0,-1,-1,-1,-1,1900,-1,0,-1,-1,-1,-1,-1
112306020,16,3,20,2000,100,0,0,0,0,17.5,0.1575,0.0394,0,0,0,-1,-1,-1,-1,2000,-1,0,-1,-1,-1,-1,-1
112306021,16,3,21,2100,100,0,0,0,0,18.37,0.1654,0.0413,0,0,0,-1,-1,-1,-1,2100,-1,0,-1,-1,-1,-1,-1
112306022,16,3,22,2200,100,0,0,0,0,19.25,0.1732,0.0433,0,0,0,-1,-1,-1,-1,2200,-1,0,-1,-1,-1,-1,-1
112306023,16,3,23,2300,100,0,0,0,0,20.12,0.1811,0.0453,0,0,0,-1,-1,-1,-1,2300,-1,0,-1,-1,-1,-1,-1
112306024,16,3,24,2400,100,0,0,0,0,21,0.189,0.0472,0,0,0,-1,-1,-1,-1,2400,-1,0,-1,-1,-1,-1,-1
112306025,16,3,25,2500,100,0,0,0,0,21.87,0.1969,0.0492,0,0,0,-1,-1,-1,-1,2500,-1,0,-1,-1,-1,-1,-1
112306026,16,3,26,2600,100,0,0,0,0,22.75,0.2047,0.0512,0,0,0,-1,-1,-1,-1,2600,-1,0,-1,-1,-1,-1,-1
112306027,16,3,27,2700,100,0,0,0,0,23.62,0.2126,0.0532,0,0,0,-1,-1,-1,-1,2700,-1,0,-1,-1,-1,-1,-1
112306028,16,3,28,2800,100,0,0,0,0,24.5,0.2205,0.0551,0,0,0,-1,-1,-1,-1,2800,-1,0,-1,-1,-1,-1,-1
112306029,16,3,29,2900,100,0,0,0,0,25.37,0.2284,0.0571,0,0,0,-1,-1,-1,-1,2900,-1,0,-1,-1,-1,-1,-1
112306030,16,3,30,3000,100,0,0,0,0,26.25,0.2362,0.0591,0,0,0,-1,-1,-1,-1,-1,-1,1,112406030,15000,-1,-1,-1
112406030,17,4,30,6000,100,0,0,0,0,40.69,0.3662,0.0915,0,0,0,-1,-1,-1,-1,3000,-1,0,-1,-1,-1,-1,-1
112406031,17,4,31,6200,100,0,0,0,0,42,0.378,0.0945,0,0,0,-1,-1,-1,-1,3100,-1,0,-1,-1,-1,-1,-1
112406032,17,4,32,6400,100,0,0,0,0,43.31,0.3898,0.0975,0,0,0,-1,-1,-1,-1,3200,-1,0,-1,-1,-1,-1,-1
112406033,17,4,33,6600,100,0,0,0,0,44.62,0.4016,0.1004,0,0,0,-1,-1,-1,-1,3300,-1,0,-1,-1,-1,-1,-1
112406034,17,4,34,6800,100,0,0,0,0,45.94,0.4134,0.1034,0,0,0,-1,-1,-1,-1,3400,-1,0,-1,-1,-1,-1,-1
112406035,17,4,35,7000,100,0,0,0,0,47.25,0.4252,0.1063,0,0,0,-1,-1,-1,-1,3500,-1,0,-1,-1,-1,-1,-1
112406036,17,4,36,7200,100,0,0,0,0,48.56,0.4371,0.1093,0,0,0,-1,-1,-1,-1,3600,-1,0,-1,-1,-1,-1,-1
112406037,17,4,37,7400,100,0,0,0,0,49.87,0.4489,0.1122,0,0,0,-1,-1,-1,-1,3700,-1,0,-1,-1,-1,-1,-1
112406038,17,4,38,7600,100,0,0,0,0,51.19,0.4607,0.1152,0,0,0,-1,-1,-1,-1,3800,-1,0,-1,-1,-1,-1,-1
112406039,17,4,39,7800,100,0,0,0,0,52.5,0.4725,0.1181,0,0,0,-1,-1,-1,-1,3900,-1,0,-1,-1,-1,-1,-1
112406040,17,4,40,8000,100,0,0,0,0,53.81,0.4843,0.1211,0,0,0,-1,-1,-1,-1,4000,-1,0,-1,-1,-1,-1,-1
112406041,17,4,41,8200,100,0,0,0,0,55.12,0.4961,0.124,0,0,0,-1,-1,-1,-1,4100,-1,0,-1,-1,-1,-1,-1
112406042,17,4,42,8400,100,0,0,0,0,56.44,0.5079,0.127,0,0,0,-1,-1,-1,-1,4200,-1,0,-1,-1,-1,-1,-1
112406043,17,4,43,8600,100,0,0,0,0,57.75,0.5197,0.1299,0,0,0,-1,-1,-1,-1,4300,-1,0,-1,-1,-1,-1,-1
112406044,17,4,44,8800,100,0,0,0,0,59.06,0.5316,0.1329,0,0,0,-1,-1,-1,-1,4400,-1,0,-1,-1,-1,-1,-1
112406045,17,4,45,9000,100,0,0,0,0,60.37,0.5434,0.1358,0,0,0,-1,-1,-1,-1,4500,-1,0,-1,-1,-1,-1,-1
112406046,17,4,46,9200,100,0,0,0,0,61.69,0.5552,0.1388,0,0,0,-1,-1,-1,-1,4600,-1,0,-1,-1,-1,-1,-1
112406047,17,4,47,9400,100,0,0,0,0,63,0.567,0.1417,0,0,0,-1,-1,-1,-1,4700,-1,0,-1,-1,-1,-1,-1
112406048,17,4,48,9600,100,0,0,0,0,64.31,0.5788,0.1447,0,0,0,-1,-1,-1,-1,4800,-1,0,-1,-1,-1,-1,-1
112406049,17,4,49,9800,100,0,0,0,0,65.62,0.5906,0.1477,0,0,0,-1,-1,-1,-1,4900,-1,0,-1,-1,-1,-1,-1
112406050,17,4,50,10000,100,0,0,0,0,66.94,0.6024,0.1506,0,0,0,-1,-1,-1,-1,5000,-1,0,-1,-1,-1,-1,-1
112406051,17,4,51,10200,100,0,0,0,0,68.25,0.6142,0.1536,0,0,0,-1,-1,-1,-1,5100,-1,0,-1,-1,-1,-1,-1
112406052,17,4,52,10400,100,0,0,0,0,69.56,0.6261,0.1565,0,0,0,-1,-1,-1,-1,5200,-1,0,-1,-1,-1,-1,-1
112406053,17,4,53,10600,100,0,0,0,0,70.87,0.6379,0.1595,0,0,0,-1,-1,-1,-1,5300,-1,0,-1,-1,-1,-1,-1
112406054,17,4,54,10800,100,0,0,0,0,72.19,0.6497,0.1624,0,0,0,-1,-1,-1,-1,5400,-1,0,-1,-1,-1,-1,-1
112406055,17,4,55,11000,100,0,0,0,0,73.5,0.6615,0.1654,0,0,0,-1,-1,-1,-1,5500,-1,0,-1,-1,-1,-1,-1
112406056,17,4,56,11200,100,0,0,0,0,74.81,0.6733,0.1683,0,0,0,-1,-1,-1,-1,5600,-1,0,-1,-1,-1,-1,-1
112406057,17,4,57,11400,100,0,0,0,0,76.12,0.6851,0.1713,0,0,0,-1,-1,-1,-1,5700,-1,0,-1,-1,-1,-1,-1
112406058,17,4,58,11600,100,0,0,0,0,77.44,0.6969,0.1742,0,0,0,-1,-1,-1,-1,5800,-1,0,-1,-1,-1,-1,-1
112406059,17,4,59,11800,100,0,0,0,0,78.75,0.7087,0.1772,0,0,0,-1,-1,-1,-1,5900,-1,0,-1,-1,-1,-1,-1
112406060,17,4,60,12000,100,0,0,0,0,80.06,0.7206,0.1801,0,0,0,-1,-1,-1,-1,-1,-1,1,112506060,30000,-1,-1,-1
112506060,18,5,60,18000,100,0,0,0,0,108.5,0.9765,0.2441,0,0,0,-1,-1,-1,-1,6000,-1,0,-1,-1,-1,-1,-1
112506061,18,5,61,18300,100,0,0,0,0,110.25,0.9922,0.2481,0,0,0,-1,-1,-1,-1,6100,-1,0,-1,-1,-1,-1,-1
112506062,18,5,62,18600,100,0,0,0,0,112,1.008,0.252,0,0,0,-1,-1,-1,-1,6200,-1,0,-1,-1,-1,-1,-1
112506063,18,5,63,18900,100,0,0,0,0,113.75,1.0237,0.2559,0,0,0,-1,-1,-1,-1,6300,-1,0,-1,-1,-1,-1,-1
112506064,18,5,64,19200,100,0,0,0,0,115.5,1.0395,0.2599,0,0,0,-1,-1,-1,-1,6400,-1,0,-1,-1,-1,-1,-1
112506065,18,5,65,19500,100,0,0,0,0,117.25,1.0552,0.2638,0,0,0,-1,-1,-1,-1,6500,-1,0,-1,-1,-1,-1,-1
112506066,18,5,66,19800,100,0,0,0,0,119,1.071,0.2677,0,0,0,-1,-1,-1,-1,6600,-1,0,-1,-1,-1,-1,-1
112506067,18,5,67,20100,100,0,0,0,0,120.75,1.0867,0.2717,0,0,0,-1,-1,-1,-1,6700,-1,0,-1,-1,-1,-1,-1
112506068,18,5,68,20400,100,0,0,0,0,122.5,1.1025,0.2756,0,0,0,-1,-1,-1,-1,6800,-1,0,-1,-1,-1,-1,-1
112506069,18,5,69,20700,100,0,0,0,0,124.25,1.1182,0.2796,0,0,0,-1,-1,-1,-1,6900,-1,0,-1,-1,-1,-1,-1
112506070,18,5,70,21000,100,0,0,0,0,126,1.134,0.2835,0,0,0,-1,-1,-1,-1,7000,-1,0,-1,-1,-1,-1,-1
112506071,18,5,71,21300,100,0,0,0,0,127.75,1.1497,0.2874,0,0,0,-1,-1,-1,-1,7100,-1,0,-1,-1,-1,-1,-1
112506072,18,5,72,21600,100,0,0,0,0,129.5,1.1655,0.2914,0,0,0,-1,-1,-1,-1,7200,-1,0,-1,-1,-1,-1,-1
112506073,18,5,73,21900,100,0,0,0,0,131.25,1.1812,0.2953,0,0,0,-1,-1,-1,-1,7300,-1,0,-1,-1,-1,-1,-1
112506074,18,5,74,22200,100,0,0,0,0,133,1.197,0.2992,0,0,0,-1,-1,-1,-1,7400,-1,0,-1,-1,-1,-1,-1
112506075,18,5,75,22500,100,0,0,0,0,134.75,1.2127,0.3032,0,0,0,-1,-1,-1,-1,7500,-1,0,-1,-1,-1,-1,-1
112506076,18,5,76,22800,100,0,0,0,0,136.5,1.2285,0.3071,0,0,0,-1,-1,-1,-1,7600,-1,0,-1,-1,-1,-1,-1
112506077,18,5,77,23100,100,0,0,0,0,138.25,1.2442,0.3111,0,0,0,-1,-1,-1,-1,7700,-1,0,-1,-1,-1,-1,-1
112506078,18,5,78,23400,100,0,0,0,0,140,1.26,0.315,0,0,0,-1,-1,-1,-1,7800,-1,0,-1,-1,-1,-1,-1
112506079,18,5,79,23700,100,0,0,0,0,141.75,1.2757,0.3189,0,0,0,-1,-1,-1,-1,7900,-1,0,-1,-1,-1,-1,-1
112506080,18,5,80,24000,100,0,0,0,0,143.5,1.2915,0.3229,0,0,0,-1,-1,-1,-1,8000,-1,0,-1,-1,-1,-1,-1
113107001,19,1,1,100,100,0,0,0,0,0,0,0,3,0.01,1,-1,-1,-1,-1,100,-1,0,-1,-1,-1,-1,-1
113107002,19,1,2,200,100,0,0,0,0,0,0,0,5,0.01,2,-1,-1,-1,-1,200,-1,0,-1,-1,-1,-1,-1
113107003,19,1,3,300,100,0,0,0,0,0,0,0,8,0.02,3,-1,-1,-1,-1,300,-1,0,-1,-1,-1,-1,-1
113107004,19,1,4,400,100,0,0,0,0,0,0,0,11,0.03,4,-1,-1,-1,-1,400,-1,0,-1,-1,-1,-1,-1
113107005,19,1,5,500,100,0,0,0,0,0,0,0,13,0.04,5,-1,-1,-1,-1,500,-1,0,-1,-1,-1,-1,-1
113107006,19,1,6,600,100,0,0,0,0,0,0,0,16,0.04,6,-1,-1,-1,-1,600,-1,0,-1,-1,-1,-1,-1
113107007,19,1,7,700,100,0,0,0,0,0,0,0,18,0.05,7,-1,-1,-1,-1,700,-1,0,-1,-1,-1,-1,-1
113107008,19,1,8,800,100,0,0,0,0,0,0,0,21,0.06,8,-1,-1,-1,-1,800,-1,0,-1,-1,-1,-1,-1
113107009,19,1,9,900,100,0,0,0,0,0,0,0,24,0.07,9,-1,-1,-1,-1,900,-1,0,-1,-1,-1,-1,-1
113107010,19,1,10,1000,100,0,0,0,0,0,0,0,26,0.07,10,-1,-1,-1,-1,1000,-1,0,-1,-1,-1,-1,-1
113107011,19,1,11,1100,100,0,0,0,0,0,0,0,29,0.08,11,-1,-1,-1,-1,1100,-1,0,-1,-1,-1,-1,-1
113107012,19,1,12,1200,100,0,0,0,0,0,0,0,32,0.09,12,-1,-1,-1,-1,1200,-1,0,-1,-1,-1,-1,-1
113107013,19,1,13,1300,100,0,0,0,0,0,0,0,34,0.1,14,-1,-1,-1,-1,1300,-1,0,-1,-1,-1,-1,-1
113107014,19,1,14,1400,100,0,0,0,0,0,0,0,37,0.1,15,-1,-1,-1,-1,1400,-1,0,-1,-1,-1,-1,-1
113107015,19,1,15,1500,100,0,0,0,0,0,0,0,40,0.11,16,-1,-1,-1,-1,1500,-1,0,-1,-1,-1,-1,-1
113107016,19,1,16,1600,100,0,0,0,0,0,0,0,42,0.12,17,-1,-1,-1,-1,1600,-1,0,-1,-1,-1,-1,-1
113107017,19,1,17,1700,100,0,0,0,0,0,0,0,45,0.13,18,-1,-1,-1,-1,1700,-1,0,-1,-1,-1,-1,-1
113107018,19,1,18,1800,100,0,0,0,0,0,0,0,48,0.13,19,-1,-1,-1,-1,1800,-1,0,-1,-1,-1,-1,-1
113107019,19,1,19,1900,100,0,0,0,0,0,0,0,50,0.14,20,-1,-1,-1,-1,1900,-1,0,-1,-1,-1,-1,-1
113107020,19,1,20,2000,100,0,0,0,0,0,0,0,53,0.15,21,-1,-1,-1,-1,-1,-1,1,113207020,10000,-1,-1,-1
113207020,20,2,20,4000,100,0,0,0,0,0,0,0,83,0.24,33,-1,-1,-1,-1,2000,-1,0,-1,-1,-1,-1,-1
113207021,20,2,21,4200,100,0,0,0,0,0,0,0,87,0.25,34,-1,-1,-1,-1,2100,-1,0,-1,-1,-1,-1,-1
113207022,20,2,22,4400,100,0,0,0,0,0,0,0,91,0.26,36,-1,-1,-1,-1,2200,-1,0,-1,-1,-1,-1,-1
113207023,20,2,23,4600,100,0,0,0,0,0,0,0,95,0.27,38,-1,-1,-1,-1,2300,-1,0,-1,-1,-1,-1,-1
113207024,20,2,24,4800,100,0,0,0,0,0,0,0,99,0.28,39,-1,-1,-1,-1,2400,-1,0,-1,-1,-1,-1,-1
113207025,20,2,25,5000,100,0,0,0,0,0,0,0,103,0.29,41,-1,-1,-1,-1,2500,-1,0,-1,-1,-1,-1,-1
113207026,20,2,26,5200,100,0,0,0,0,0,0,0,107,0.3,42,-1,-1,-1,-1,2600,-1,0,-1,-1,-1,-1,-1
113207027,20,2,27,5400,100,0,0,0,0,0,0,0,111,0.31,44,-1,-1,-1,-1,2700,-1,0,-1,-1,-1,-1,-1
113207028,20,2,28,5600,100,0,0,0,0,0,0,0,115,0.33,45,-1,-1,-1,-1,2800,-1,0,-1,-1,-1,-1,-1
113207029,20,2,29,5800,100,0,0,0,0,0,0,0,119,0.34,47,-1,-1,-1,-1,2900,-1,0,-1,-1,-1,-1,-1
113207030,20,2,30,6000,100,0,0,0,0,0,0,0,123,0.35,48,-1,-1,-1,-1,3000,-1,0,-1,-1,-1,-1,-1
113207031,20,2,31,6200,100,0,0,0,0,0,0,0,127,0.36,50,-1,-1,-1,-1,3100,-1,0,-1,-1,-1,-1,-1
113207032,20,2,32,6400,100,0,0,0,0,0,0,0,131,0.37,52,-1,-1,-1,-1,3200,-1,0,-1,-1,-1,-1,-1
113207033,20,2,33,6600,100,0,0,0,0,0,0,0,135,0.38,53,-1,-1,-1,-1,3300,-1,0,-1,-1,-1,-1,-1
113207034,20,2,34,6800,100,0,0,0,0,0,0,0,139,0.39,55,-1,-1,-1,-1,3400,-1,0,-1,-1,-1,-1,-1
113207035,20,2,35,7000,100,0,0,0,0,0,0,0,143,0.4,56,-1,-1,-1,-1,3500,-1,0,-1,-1,-1,-1,-1
113207036,20,2,36,7200,100,0,0,0,0,0,0,0,146,0.42,58,-1,-1,-1,-1,3600,-1,0,-1,-1,-1,-1,-1
113207037,20,2,37,7400,100,0,0,0,0,0,0,0,150,0.43,59,-1,-1,-1,-1,3700,-1,0,-1,-1,-1,-1,-1
113207038,20,2,38,7600,100,0,0,0,0,0,0,0,154,0.44,61,-1,-1,-1,-1,3800,-1,0,-1,-1,-1,-1,-1
113207039,20,2,39,7800,100,0,0,0,0,0,0,0,158,0.45,62,-1,-1,-1,-1,3900,-1,0,-1,-1,-1,-1,-1
113207040,20,2,40,8000,100,0,0,0,0,0,0,0,162,0.46,64,-1,-1,-1,-1,-1,-1,1,113307040,20000,-1,-1,-1
113307040,21,3,40,12000,100,0,0,0,0,0,0,0,222,0.63,88,-1,-1,-1,-1,4000,-1,0,-1,-1,-1,-1,-1
113307041,21,3,41,12300,100,0,0,0,0,0,0,0,227,0.64,90,-1,-1,-1,-1,4100,-1,0,-1,-1,-1,-1,-1
113307042,21,3,42,12600,100,0,0,0,0,0,0,0,232,0.66,92,-1,-1,-1,-1,4200,-1,0,-1,-1,-1,-1,-1
113307043,21,3,43,12900,100,0,0,0,0,0,0,0,238,0.67,94,-1,-1,-1,-1,4300,-1,0,-1,-1,-1,-1,-1
113307044,21,3,44,13200,100,0,0,0,0,0,0,0,243,0.69,96,-1,-1,-1,-1,4400,-1,0,-1,-1,-1,-1,-1
113307045,21,3,45,13500,100,0,0,0,0,0,0,0,248,0.7,98,-1,-1,-1,-1,4500,-1,0,-1,-1,-1,-1,-1
113307046,21,3,46,13800,100,0,0,0,0,0,0,0,253,0.72,100,-1,-1,-1,-1,4600,-1,0,-1,-1,-1,-1,-1
113307047,21,3,47,14100,100,0,0,0,0,0,0,0,259,0.73,102,-1,-1,-1,-1,4700,-1,0,-1,-1,-1,-1,-1
113307048,21,3,48,14400,100,0,0,0,0,0,0,0,264,0.75,104,-1,-1,-1,-1,4800,-1,0,-1,-1,-1,-1,-1
113307049,21,3,49,14700,100,0,0,0,0,0,0,0,269,0.76,106,-1,-1,-1,-1,4900,-1,0,-1,-1,-1,-1,-1
113307050,21,3,50,15000,100,0,0,0,0,0,0,0,274,0.78,108,-1,-1,-1,-1,5000,-1,0,-1,-1,-1,-1,-1
113307051,21,3,51,15300,100,0,0,0,0,0,0,0,280,0.79,110,-1,-1,-1,-1,5100,-1,0,-1,-1,-1,-1,-1
113307052,21,3,52,15600,100,0,0,0,0,0,0,0,285,0.81,112,-1,-1,-1,-1,5200,-1,0,-1,-1,-1,-1,-1
113307053,21,3,53,15900,100,0,0,0,0,0,0,0,290,0.82,115,-1,-1,-1,-1,5300,-1,0,-1,-1,-1,-1,-1
113307054,21,3,54,16200,100,0,0,0,0,0,0,0,296,0.84,117,-1,-1,-1,-1,5400,-1,0,-1,-1,-1,-1,-1
113307055,21,3,55,16500,100,0,0,0,0,0,0,0,301,0.85,119,-1,-1,-1,-1,5500,-1,0,-1,-1,-1,-1,-1
113307056,21,3,56,16800,100,0,0,0,0,0,0,0,306,0.87,121,-1,-1,-1,-1,5600,-1,0,-1,-1,-1,-1,-1
113307057,21,3,57,17100,100,0,0,0,0,0,0,0,311,0.88,123,-1,-1,-1,-1,5700,-1,0,-1,-1,-1,-1,-1
113307058,21,3,58,17400,100,0,0,0,0,0,0,0,317,0.9,125,-1,-1,-1,-1,5800,-1,0,-1,-1,-1,-1,-1
113307059,21,3,59,17700,100,0,0,0,0,0,0,0,322,0.91,127,-1,-1,-1,-1,5900,-1,0,-1,-1,-1,-1,-1
113307060,21,3,60,18000,100,0,0,0,0,0,0,0,327,0.93,129,-1,-1,-1,-1,6000,-1,0,-1,-1,-1,-1,-1
113208001,22,2,1,100,100,0,0,0,0,0,0,0,3,0.01,1,-1,-1,-1,-1,100,-1,0,-1,-1,-1,-1,-1
113208002,22,2,2,200,100,0,0,0,0,0,0,0,5,0.02,2,-1,-1,-1,-1,200,-1,0,-1,-1,-1,-1,-1
113208003,22,2,3,300,100,0,0,0,0,0,0,0,8,0.02,3,-1,-1,-1,-1,300,-1,0,-1,-1,-1,-1,-1
113208004,22,2,4,400,100,0,0,0,0,0,0,0,11,0.03,4,-1,-1,-1,-1,400,-1,0,-1,-1,-1,-1,-1
113208005,22,2,5,500,100,0,0,0,0,0,0,0,14,0.04,5,-1,-1,-1,-1,500,-1,0,-1,-1,-1,-1,-1
113208006,22,2,6,600,100,0,0,0,0,0,0,0,16,0.05,6,-1,-1,-1,-1,600,-1,0,-1,-1,-1,-1,-1
113208007,22,2,7,700,100,0,0,0,0,0,0,0,19,0.05,8,-1,-1,-1,-1,700,-1,0,-1,-1,-1,-1,-1
113208008,22,2,8,800,100,0,0,0,0,0,0,0,22,0.06,9,-1,-1,-1,-1,800,-1,0,-1,-1,-1,-1,-1
113208009,22,2,9,900,100,0,0,0,0,0,0,0,24,0.07,10,-1,-1,-1,-1,900,-1,0,-1,-1,-1,-1,-1
113208010,22,2,10,1000,100,0,0,0,0,0,0,0,27,0.08,11,-1,-1,-1,-1,1000,-1,0,-1,-1,-1,-1,-1
113208011,22,2,11,1100,100,0,0,0,0,0,0,0,30,0.08,12,-1,-1,-1,-1,1100,-1,0,-1,-1,-1,-1,-1
113208012,22,2,12,1200,100,0,0,0,0,0,0,0,33,0.09,13,-1,-1,-1,-1,1200,-1,0,-1,-1,-1,-1,-1
113208013,22,2,13,1300,100,0,0,0,0,0,0,0,35,0.1,14,-1,-1,-1,-1,1300,-1,0,-1,-1,-1,-1,-1
113208014,22,2,14,1400,100,0,0,0,0,0,0,0,38,0.11,15,-1,-1,-1,-1,1400,-1,0,-1,-1,-1,-1,-1
113208015,22,2,15,1500,100,0,0,0,0,0,0,0,41,0.12,16,-1,-1,-1,-1,1500,-1,0,-1,-1,-1,-1,-1
113208016,22,2,16,1600,100,0,0,0,0,0,0,0,43,0.12,17,-1,-1,-1,-1,1600,-1,0,-1,-1,-1,-1,-1
113208017,22,2,17,1700,100,0,0,0,0,0,0,0,46,0.13,18,-1,-1,-1,-1,1700,-1,0,-1,-1,-1,-1,-1
113208018,22,2,18,1800,100,0,0,0,0,0,0,0,49,0.14,19,-1,-1,-1,-1,1800,-1,0,-1,-1,-1,-1,-1
113208019,22,2,19,1900,100,0,0,0,0,0,0,0,52,0.15,20,-1,-1,-1,-1,1900,-1,0,-1,-1,-1,-1,-1
113208020,22,2,20,2000,100,0,0,0,0,0,0,0,54,0.15,21,-1,-1,-1,-1,-1,-1,1,113308020,10000,-1,-1,-1
113308020,23,3,20,4000,100,0,0,0,0,0,0,0,86,0.24,34,-1,-1,-1,-1,2000,-1,0,-1,-1,-1,-1,-1
113308021,23,3,21,4200,100,0,0,0,0,0,0,0,90,0.25,35,-1,-1,-1,-1,2100,-1,0,-1,-1,-1,-1,-1
113308022,23,3,22,4400,100,0,0,0,0,0,0,0,94,0.27,37,-1,-1,-1,-1,2200,-1,0,-1,-1,-1,-1,-1
113308023,23,3,23,4600,100,0,0,0,0,0,0,0,98,0.28,39,-1,-1,-1,-1,2300,-1,0,-1,-1,-1,-1,-1
113308024,23,3,24,4800,100,0,0,0,0,0,0,0,102,0.29,40,-1,-1,-1,-1,2400,-1,0,-1,-1,-1,-1,-1
113308025,23,3,25,5000,100,0,0,0,0,0,0,0,106,0.3,42,-1,-1,-1,-1,2500,-1,0,-1,-1,-1,-1,-1
113308026,23,3,26,5200,100,0,0,0,0,0,0,0,110,0.31,43,-1,-1,-1,-1,2600,-1,0,-1,-1,-1,-1,-1
113308027,23,3,27,5400,100,0,0,0,0,0,0,0,114,0.32,45,-1,-1,-1,-1,2700,-1,0,-1,-1,-1,-1,-1
113308028,23,3,28,5600,100,0,0,0,0,0,0,0,118,0.34,47,-1,-1,-1,-1,2800,-1,0,-1,-1,-1,-1,-1
113308029,23,3,29,5800,100,0,0,0,0,0,0,0,122,0.35,48,-1,-1,-1,-1,2900,-1,0,-1,-1,-1,-1,-1
113308030,23,3,30,6000,100,0,0,0,0,0,0,0,126,0.36,50,-1,-1,-1,-1,3000,-1,0,-1,-1,-1,-1,-1
113308031,23,3,31,6200,100,0,0,0,0,0,0,0,130,0.37,51,-1,-1,-1,-1,3100,-1,0,-1,-1,-1,-1,-1
113308032,23,3,32,6400,100,0,0,0,0,0,0,0,134,0.38,53,-1,-1,-1,-1,3200,-1,0,-1,-1,-1,-1,-1
113308033,23,3,33,6600,100,0,0,0,0,0,0,0,138,0.39,55,-1,-1,-1,-1,3300,-1,0,-1,-1,-1,-1,-1
113308034,23,3,34,6800,100,0,0,0,0,0,0,0,143,0.41,56,-1,-1,-1,-1,3400,-1,0,-1,-1,-1,-1,-1
113308035,23,3,35,7000,100,0,0,0,0,0,0,0,147,0.42,58,-1,-1,-1,-1,3500,-1,0,-1,-1,-1,-1,-1
113308036,23,3,36,7200,100,0,0,0,0,0,0,0,151,0.43,59,-1,-1,-1,-1,3600,-1,0,-1,-1,-1,-1,-1
113308037,23,3,37,7400,100,0,0,0,0,0,0,0,155,0.44,61,-1,-1,-1,-1,3700,-1,0,-1,-1,-1,-1,-1
113308038,23,3,38,7600,100,0,0,0,0,0,0,0,159,0.45,63,-1,-1,-1,-1,3800,-1,0,-1,-1,-1,-1,-1
113308039,23,3,39,7800,100,0,0,0,0,0,0,0,163,0.46,64,-1,-1,-1,-1,3900,-1,0,-1,-1,-1,-1,-1
113308040,23,3,40,8000,100,0,0,0,0,0,0,0,167,0.47,66,-1,-1,-1,-1,-1,-1,1,113408040,20000,-1,-1,-1
113408040,24,4,40,12000,100,0,0,0,0,0,0,0,228,0.65,90,-1,-1,-1,-1,4000,-1,0,-1,-1,-1,-1,-1
113408041,24,4,41,12300,100,0,0,0,0,0,0,0,233,0.66,92,-1,-1,-1,-1,4100,-1,0,-1,-1,-1,-1,-1
113408042,24,4,42,12600,100,0,0,0,0,0,0,0,239,0.68,94,-1,-1,-1,-1,4200,-1,0,-1,-1,-1,-1,-1
113408043,24,4,43,12900,100,0,0,0,0,0,0,0,244,0.69,96,-1,-1,-1,-1,4300,-1,0,-1,-1,-1,-1,-1
113408044,24,4,44,13200,100,0,0,0,0,0,0,0,250,0.71,99,-1,-1,-1,-1,4400,-1,0,-1,-1,-1,-1,-1
113408045,24,4,45,13500,100,0,0,0,0,0,0,0,255,0.73,101,-1,-1,-1,-1,4500,-1,0,-1,-1,-1,-1,-1
113408046,24,4,46,13800,100,0,0,0,0,0,0,0,261,0.74,103,-1,-1,-1,-1,4600,-1,0,-1,-1,-1,-1,-1
113408047,24,4,47,14100,100,0,0,0,0,0,0,0,266,0.76,105,-1,-1,-1,-1,4700,-1,0,-1,-1,-1,-1,-1
113408048,24,4,48,14400,100,0,0,0,0,0,0,0,271,0.77,107,-1,-1,-1,-1,4800,-1,0,-1,-1,-1,-1,-1
113408049,24,4,49,14700,100,0,0,0,0,0,0,0,277,0.79,109,-1,-1,-1,-1,4900,-1,0,-1,-1,-1,-1,-1
113408050,24,4,50,15000,100,0,0,0,0,0,0,0,282,0.8,111,-1,-1,-1,-1,5000,-1,0,-1,-1,-1,-1,-1
113408051,24,4,51,15300,100,0,0,0,0,0,0,0,288,0.82,114,-1,-1,-1,-1,5100,-1,0,-1,-1,-1,-1,-1
113408052,24,4,52,15600,100,0,0,0,0,0,0,0,293,0.83,116,-1,-1,-1,-1,5200,-1,0,-1,-1,-1,-1,-1
113408053,24,4,53,15900,100,0,0,0,0,0,0,0,299,0.85,118,-1,-1,-1,-1,5300,-1,0,-1,-1,-1,-1,-1
113408054,24,4,54,16200,100,0,0,0,0,0,0,0,304,0.86,120,-1,-1,-1,-1,5400,-1,0,-1,-1,-1,-1,-1
113408055,24,4,55,16500,100,0,0,0,0,0,0,0,309,0.88,122,-1,-1,-1,-1,5500,-1,0,-1,-1,-1,-1,-1
113408056,24,4,56,16800,100,0,0,0,0,0,0,0,315,0.89,124,-1,-1,-1,-1,5600,-1,0,-1,-1,-1,-1,-1
113408057,24,4,57,17100,100,0,0,0,0,0,0,0,320,0.91,126,-1,-1,-1,-1,5700,-1,0,-1,-1,-1,-1,-1
113408058,24,4,58,17400,100,0,0,0,0,0,0,0,326,0.93,129,-1,-1,-1,-1,5800,-1,0,-1,-1,-1,-1,-1
113408059,24,4,59,17700,100,0,0,0,0,0,0,0,331,0.94,131,-1,-1,-1,-1,5900,-1,0,-1,-1,-1,-1,-1
113408060,24,4,60,18000,100,0,0,0,0,0,0,0,337,0.96,133,-1,-1,-1,-1,6000,-1,0,-1,-1,-1,-1,-1
113408061,24,4,61,18300,100,0,0,0,0,0,0,0,342,0.97,135,-1,-1,-1,-1,6100,-1,0,-1,-1,-1,-1,-1
113408062,24,4,62,18600,100,0,0,0,0,0,0,0,347,0.99,137,-1,-1,-1,-1,6200,-1,0,-1,-1,-1,-1,-1
113408063,24,4,63,18900,100,0,0,0,0,0,0,0,353,1,139,-1,-1,-1,-1,6300,-1,0,-1,-1,-1,-1,-1
113408064,24,4,64,19200,100,0,0,0,0,0,0,0,358,1.02,141,-1,-1,-1,-1,6400,-1,0,-1,-1,-1,-1,-1
113408065,24,4,65,19500,100,0,0,0,0,0,0,0,364,1.03,144,-1,-1,-1,-1,6500,-1,0,-1,-1,-1,-1,-1
113408066,24,4,66,19800,100,0,0,0,0,0,0,0,369,1.05,146,-1,-1,-1,-1,6600,-1,0,-1,-1,-1,-1,-1
113408067,24,4,67,20100,100,0,0,0,0,0,0,0,375,1.06,148,-1,-1,-1,-1,6700,-1,0,-1,-1,-1,-1,-1
113408068,24,4,68,20400,100,0,0,0,0,0,0,0,380,1.08,150,-1,-1,-1,-1,6800,-1,0,-1,-1,-1,-1,-1
113408069,24,4,69,20700,100,0,0,0,0,0,0,0,385,1.1,152,-1,-1,-1,-1,6900,-1,0,-1,-1,-1,-1,-1
113408070,24,4,70,21000,100,0,0,0,0,0,0,0,391,1.11,154,-1,-1,-1,-1,7000,-1,0,-1,-1,-1,-1,-1
113309001,25,3,1,100,100,0,0,0,0,0,0,0,3,0.01,1,-1,-1,-1,-1,100,-1,0,-1,-1,-1,-1,-1
113309002,25,3,2,200,100,0,0,0,0,0,0,0,6,0.02,2,-1,-1,-1,-1,200,-1,0,-1,-1,-1,-1,-1
113309003,25,3,3,300,100,0,0,0,0,0,0,0,8,0.02,3,-1,-1,-1,-1,300,-1,0,-1,-1,-1,-1,-1
113309004,25,3,4,400,100,0,0,0,0,0,0,0,11,0.03,4,-1,-1,-1,-1,400,-1,0,-1,-1,-1,-1,-1
113309005,25,3,5,500,100,0,0,0,0,0,0,0,14,0.04,5,-1,-1,-1,-1,500,-1,0,-1,-1,-1,-1,-1
113309006,25,3,6,600,100,0,0,0,0,0,0,0,17,0.05,7,-1,-1,-1,-1,600,-1,0,-1,-1,-1,-1,-1
113309007,25,3,7,700,100,0,0,0,0,0,0,0,19,0.06,8,-1,-1,-1,-1,700,-1,0,-1,-1,-1,-1,-1
113309008,25,3,8,800,100,0,0,0,0,0,0,0,22,0.06,9,-1,-1,-1,-1,800,-1,0,-1,-1,-1,-1,-1
113309009,25,3,9,900,100,0,0,0,0,0,0,0,25,0.07,10,-1,-1,-1,-1,900,-1,0,-1,-1,-1,-1,-1
113309010,25,3,10,1000,100,0,0,0,0,0,0,0,28,0.08,11,-1,-1,-1,-1,1000,-1,0,-1,-1,-1,-1,-1
113309011,25,3,11,1100,100,0,0,0,0,0,0,0,30,0.09,12,-1,-1,-1,-1,1100,-1,0,-1,-1,-1,-1,-1
113309012,25,3,12,1200,100,0,0,0,0,0,0,0,33,0.09,13,-1,-1,-1,-1,1200,-1,0,-1,-1,-1,-1,-1
113309013,25,3,13,1300,100,0,0,0,0,0,0,0,36,0.1,14,-1,-1,-1,-1,1300,-1,0,-1,-1,-1,-1,-1
113309014,25,3,14,1400,100,0,0,0,0,0,0,0,39,0.11,15,-1,-1,-1,-1,1400,-1,0,-1,-1,-1,-1,-1
113309015,25,3,15,1500,100,0,0,0,0,0,0,0,42,0.12,16,-1,-1,-1,-1,1500,-1,0,-1,-1,-1,-1,-1
113309016,25,3,16,1600,100,0,0,0,0,0,0,0,44,0.13,17,-1,-1,-1,-1,1600,-1,0,-1,-1,-1,-1,-1
113309017,25,3,17,1700,100,0,0,0,0,0,0,0,47,0.13,19,-1,-1,-1,-1,1700,-1,0,-1,-1,-1,-1,-1
113309018,25,3,18,1800,100,0,0,0,0,0,0,0,50,0.14,20,-1,-1,-1,-1,1800,-1,0,-1,-1,-1,-1,-1
113309019,25,3,19,1900,100,0,0,0,0,0,0,0,53,0.15,21,-1,-1,-1,-1,1900,-1,0,-1,-1,-1,-1,-1
113309020,25,3,20,2000,100,0,0,0,0,0,0,0,55,0.16,22,-1,-1,-1,-1,2000,-1,0,-1,-1,-1,-1,-1
113309021,25,3,21,2100,100,0,0,0,0,0,0,0,58,0.17,23,-1,-1,-1,-1,2100,-1,0,-1,-1,-1,-1,-1
113309022,25,3,22,2200,100,0,0,0,0,0,0,0,61,0.17,24,-1,-1,-1,-1,2200,-1,0,-1,-1,-1,-1,-1
113309023,25,3,23,2300,100,0,0,0,0,0,0,0,64,0.18,25,-1,-1,-1,-1,2300,-1,0,-1,-1,-1,-1,-1
113309024,25,3,24,2400,100,0,0,0,0,0,0,0,67,0.19,26,-1,-1,-1,-1,2400,-1,0,-1,-1,-1,-1,-1
113309025,25,3,25,2500,100,0,0,0,0,0,0,0,69,0.2,27,-1,-1,-1,-1,2500,-1,0,-1,-1,-1,-1,-1
113309026,25,3,26,2600,100,0,0,0,0,0,0,0,72,0.2,28,-1,-1,-1,-1,2600,-1,0,-1,-1,-1,-1,-1
113309027,25,3,27,2700,100,0,0,0,0,0,0,0,75,0.21,30,-1,-1,-1,-1,2700,-1,0,-1,-1,-1,-1,-1
113309028,25,3,28,2800,100,0,0,0,0,0,0,0,78,0.22,31,-1,-1,-1,-1,2800,-1,0,-1,-1,-1,-1,-1
113309029,25,3,29,2900,100,0,0,0,0,0,0,0,80,0.23,32,-1,-1,-1,-1,2900,-1,0,-1,-1,-1,-1,-1
113309030,25,3,30,3000,100,0,0,0,0,0,0,0,83,0.24,33,-1,-1,-1,-1,-1,-1,1,113409030,15000,-1,-1,-1
113409030,26,4,30,6000,100,0,0,0,0,0,0,0,129,0.37,51,-1,-1,-1,-1,3000,-1,0,-1,-1,-1,-1,-1
113409031,26,4,31,6200,100,0,0,0,0,0,0,0,133,0.38,52,-1,-1,-1,-1,3100,-1,0,-1,-1,-1,-1,-1
113409032,26,4,32,6400,100,0,0,0,0,0,0,0,137,0.39,54,-1,-1,-1,-1,3200,-1,0,-1,-1,-1,-1,-1
113409033,26,4,33,6600,100,0,0,0,0,0,0,0,141,0.4,56,-1,-1,-1,-1,3300,-1,0,-1,-1,-1,-1,-1
113409034,26,4,34,6800,100,0,0,0,0,0,0,0,145,0.41,57,-1,-1,-1,-1,3400,-1,0,-1,-1,-1,-1,-1
113409035,26,4,35,7000,100,0,0,0,0,0,0,0,150,0.43,59,-1,-1,-1,-1,3500,-1,0,-1,-1,-1,-1,-1
113409036,26,4,36,7200,100,0,0,0,0,0,0,0,154,0.44,61,-1,-1,-1,-1,3600,-1,0,-1,-1,-1,-1,-1
113409037,26,4,37,7400,100,0,0,0,0,0,0,0,158,0.45,62,-1,-1,-1,-1,3700,-1,0,-1,-1,-1,-1,-1
113409038,26,4,38,7600,100,0,0,0,0,0,0,0,162,0.46,64,-1,-1,-1,-1,3800,-1,0,-1,-1,-1,-1,-1
113409039,26,4,39,7800,100,0,0,0,0,0,0,0,166,0.47,66,-1,-1,-1,-1,3900,-1,0,-1,-1,-1,-1,-1
113409040,26,4,40,8000,100,0,0,0,0,0,0,0,170,0.48,67,-1,-1,-1,-1,4000,-1,0,-1,-1,-1,-1,-1
113409041,26,4,41,8200,100,0,0,0,0,0,0,0,175,0.5,69,-1,-1,-1,-1,4100,-1,0,-1,-1,-1,-1,-1
113409042,26,4,42,8400,100,0,0,0,0,0,0,0,179,0.51,71,-1,-1,-1,-1,4200,-1,0,-1,-1,-1,-1,-1
113409043,26,4,43,8600,100,0,0,0,0,0,0,0,183,0.52,72,-1,-1,-1,-1,4300,-1,0,-1,-1,-1,-1,-1
113409044,26,4,44,8800,100,0,0,0,0,0,0,0,187,0.53,74,-1,-1,-1,-1,4400,-1,0,-1,-1,-1,-1,-1
113409045,26,4,45,9000,100,0,0,0,0,0,0,0,191,0.54,75,-1,-1,-1,-1,4500,-1,0,-1,-1,-1,-1,-1
113409046,26,4,46,9200,100,0,0,0,0,0,0,0,195,0.56,77,-1,-1,-1,-1,4600,-1,0,-1,-1,-1,-1,-1
113409047,26,4,47,9400,100,0,0,0,0,0,0,0,200,0.57,79,-1,-1,-1,-1,4700,-1,0,-1,-1,-1,-1,-1
113409048,26,4,48,9600,100,0,0,0,0,0,0,0,204,0.58,80,-1,-1,-1,-1,4800,-1,0,-1,-1,-1,-1,-1
113409049,26,4,49,9800,100,0,0,0,0,0,0,0,208,0.59,82,-1,-1,-1,-1,4900,-1,0,-1,-1,-1,-1,-1
113409050,26,4,50,10000,100,0,0,0,0,0,0,0,212,0.6,84,-1,-1,-1,-1,5000,-1,0,-1,-1,-1,-1,-1
113409051,26,4,51,10200,100,0,0,0,0,0,0,0,216,0.61,85,-1,-1,-1,-1,5100,-1,0,-1,-1,-1,-1,-1
113409052,26,4,52,10400,100,0,0,0,0,0,0,0,220,0.63,87,-1,-1,-1,-1,5200,-1,0,-1,-1,-1,-1,-1
113409053,26,4,53,10600,100,0,0,0,0,0,0,0,224,0.64,89,-1,-1,-1,-1,5300,-1,0,-1,-1,-1,-1,-1
113409054,26,4,54,10800,100,0,0,0,0,0,0,0,229,0.65,90,-1,-1,-1,-1,5400,-1,0,-1,-1,-1,-1,-1
113409055,26,4,55,11000,100,0,0,0,0,0,0,0,233,0.66,92,-1,-1,-1,-1,5500,-1,0,-1,-1,-1,-1,-1
113409056,26,4,56,11200,100,0,0,0,0,0,0,0,237,0.67,94,-1,-1,-1,-1,5600,-1,0,-1,-1,-1,-1,-1
113409057,26,4,57,11400,100,0,0,0,0,0,0,0,241,0.69,95,-1,-1,-1,-1,5700,-1,0,-1,-1,-1,-1,-1
113409058,26,4,58,11600,100,0,0,0,0,0,0,0,245,0.7,97,-1,-1,-1,-1,5800,-1,0,-1,-1,-1,-1,-1
113409059,26,4,59,11800,100,0,0,0,0,0,0,0,249,0.71,98,-1,-1,-1,-1,5900,-1,0,-1,-1,-1,-1,-1
113409060,26,4,60,12000,100,0,0,0,0,0,0,0,254,0.72,100,-1,-1,-1,-1,-1,-1,1,113509060,30000,-1,-1,-1
113509060,27,5,60,18000,100,0,0,0,0,0,0,0,344,0.98,136,-1,-1,-1,-1,6000,-1,0,-1,-1,-1,-1,-1
113509061,27,5,61,18300,100,0,0,0,0,0,0,0,349,0.99,138,-1,-1,-1,-1,6100,-1,0,-1,-1,-1,-1,-1
113509062,27,5,62,18600,100,0,0,0,0,0,0,0,355,1.01,140,-1,-1,-1,-1,6200,-1,0,-1,-1,-1,-1,-1
113509063,27,5,63,18900,100,0,0,0,0,0,0,0,360,1.02,142,-1,-1,-1,-1,6300,-1,0,-1,-1,-1,-1,-1
113509064,27,5,64,19200,100,0,0,0,0,0,0,0,366,1.04,144,-1,-1,-1,-1,6400,-1,0,-1,-1,-1,-1,-1
113509065,27,5,65,19500,100,0,0,0,0,0,0,0,371,1.06,147,-1,-1,-1,-1,6500,-1,0,-1,-1,-1,-1,-1
113509066,27,5,66,19800,100,0,0,0,0,0,0,0,377,1.07,149,-1,-1,-1,-1,6600,-1,0,-1,-1,-1,-1,-1
113509067,27,5,67,20100,100,0,0,0,0,0,0,0,382,1.09,151,-1,-1,-1,-1,6700,-1,0,-1,-1,-1,-1,-1
113509068,27,5,68,20400,100,0,0,0,0,0,0,0,388,1.1,153,-1,-1,-1,-1,6800,-1,0,-1,-1,-1,-1,-1
113509069,27,5,69,20700,100,0,0,0,0,0,0,0,393,1.12,155,-1,-1,-1,-1,6900,-1,0,-1,-1,-1,-1,-1
113509070,27,5,70,21000,100,0,0,0,0,0,0,0,399,1.13,157,-1,-1,-1,-1,7000,-1,0,-1,-1,-1,-1,-1
113509071,27,5,71,21300,100,0,0,0,0,0,0,0,405,1.15,160,-1,-1,-1,-1,7100,-1,0,-1,-1,-1,-1,-1
113509072,27,5,72,21600,100,0,0,0,0,0,0,0,410,1.17,162,-1,-1,-1,-1,7200,-1,0,-1,-1,-1,-1,-1
113509073,27,5,73,21900,100,0,0,0,0,0,0,0,416,1.18,164,-1,-1,-1,-1,7300,-1,0,-1,-1,-1,-1,-1
113509074,27,5,74,22200,100,0,0,0,0,0,0,0,421,1.2,166,-1,-1,-1,-1,7400,-1,0,-1,-1,-1,-1,-1
113509075,27,5,75,22500,100,0,0,0,0,0,0,0,427,1.21,168,-1,-1,-1,-1,7500,-1,0,-1,-1,-1,-1,-1
113509076,27,5,76,22800,100,0,0,0,0,0,0,0,432,1.23,171,-1,-1,-1,-1,7600,-1,0,-1,-1,-1,-1,-1
113509077,27,5,77,23100,100,0,0,0,0,0,0,0,438,1.24,173,-1,-1,-1,-1,7700,-1,0,-1,-1,-1,-1,-1
113509078,27,5,78,23400,100,0,0,0,0,0,0,0,443,1.26,175,-1,-1,-1,-1,7800,-1,0,-1,-1,-1,-1,-1
113509079,27,5,79,23700,100,0,0,0,0,0,0,0,449,1.28,177,-1,-1,-1,-1,7900,-1,0,-1,-1,-1,-1,-1
113509080,27,5,80,24000,100,0,0,0,0,0,0,0,454,1.29,179,-1,-1,-1,-1,8000,-1,0,-1,-1,-1,-1,-1
114110001,28,1,1,100,100,0,0,0,0,0,0,0,0,0,0,56001,-1,-1,-1,100,-1,0,-1,-1,-1,-1,-1
114110002,28,1,2,200,100,0,0,0,0,0,0,0,0,0,0,56002,-1,-1,-1,200,-1,0,-1,-1,-1,-1,-1
114110003,28,1,3,300,100,0,0,0,0,0,0,0,0,0,0,56003,-1,-1,-1,300,-1,0,-1,-1,-1,-1,-1
114110004,28,1,4,400,100,0,0,0,0,0,0,0,0,0,0,56004,-1,-1,-1,400,-1,0,-1,-1,-1,-1,-1
114110005,28,1,5,500,100,0,0,0,0,0,0,0,0,0,0,56005,-1,-1,-1,500,-1,0,-1,-1,-1,-1,-1
114110006,28,1,6,600,100,0,0,0,0,0,0,0,0,0,0,56006,-1,-1,-1,600,-1,0,-1,-1,-1,-1,-1
114110007,28,1,7,700,100,0,0,0,0,0,0,0,0,0,0,56007,-1,-1,-1,700,-1,0,-1,-1,-1,-1,-1
114110008,28,1,8,800,100,0,0,0,0,0,0,0,0,0,0,56008,-1,-1,-1,800,-1,0,-1,-1,-1,-1,-1
114110009,28,1,9,900,100,0,0,0,0,0,0,0,0,0,0,56009,-1,-1,-1,900,-1,0,-1,-1,-1,-1,-1
114110010,28,1,10,1000,100,0,0,0,0,0,0,0,0,0,0,56010,-1,-1,-1,1000,-1,0,-1,-1,-1,-1,-1
114110011,28,1,11,1100,100,0,0,0,0,0,0,0,0,0,0,56011,-1,-1,-1,1100,-1,0,-1,-1,-1,-1,-1
114110012,28,1,12,1200,100,0,0,0,0,0,0,0,0,0,0,56012,-1,-1,-1,1200,-1,0,-1,-1,-1,-1,-1
114110013,28,1,13,1300,100,0,0,0,0,0,0,0,0,0,0,56013,-1,-1,-1,1300,-1,0,-1,-1,-1,-1,-1
114110014,28,1,14,1400,100,0,0,0,0,0,0,0,0,0,0,56014,-1,-1,-1,1400,-1,0,-1,-1,-1,-1,-1
114110015,28,1,15,1500,100,0,0,0,0,0,0,0,0,0,0,56015,-1,-1,-1,1500,-1,0,-1,-1,-1,-1,-1
114110016,28,1,16,1600,100,0,0,0,0,0,0,0,0,0,0,56016,-1,-1,-1,1600,-1,0,-1,-1,-1,-1,-1
114110017,28,1,17,1700,100,0,0,0,0,0,0,0,0,0,0,56017,-1,-1,-1,1700,-1,0,-1,-1,-1,-1,-1
114110018,28,1,18,1800,100,0,0,0,0,0,0,0,0,0,0,56018,-1,-1,-1,1800,-1,0,-1,-1,-1,-1,-1
114110019,28,1,19,1900,100,0,0,0,0,0,0,0,0,0,0,56019,-1,-1,-1,1900,-1,0,-1,-1,-1,-1,-1
114110020,28,1,20,2000,100,0,0,0,0,0,0,0,0,0,0,56020,-1,-1,-1,-1,-1,1,114210020,10000,-1,-1,-1
114210020,29,2,20,4000,100,0,0,0,0,0,0,0,0,0,0,56021,-1,-1,-1,2000,-1,0,-1,-1,-1,-1,-1
114210021,29,2,21,4200,100,0,0,0,0,0,0,0,0,0,0,56022,-1,-1,-1,2100,-1,0,-1,-1,-1,-1,-1
114210022,29,2,22,4400,100,0,0,0,0,0,0,0,0,0,0,56023,-1,-1,-1,2200,-1,0,-1,-1,-1,-1,-1
114210023,29,2,23,4600,100,0,0,0,0,0,0,0,0,0,0,56024,-1,-1,-1,2300,-1,0,-1,-1,-1,-1,-1
114210024,29,2,24,4800,100,0,0,0,0,0,0,0,0,0,0,56025,-1,-1,-1,2400,-1,0,-1,-1,-1,-1,-1
114210025,29,2,25,5000,100,0,0,0,0,0,0,0,0,0,0,56026,-1,-1,-1,2500,-1,0,-1,-1,-1,-1,-1
114210026,29,2,26,5200,100,0,0,0,0,0,0,0,0,0,0,56027,-1,-1,-1,2600,-1,0,-1,-1,-1,-1,-1
114210027,29,2,27,5400,100,0,0,0,0,0,0,0,0,0,0,56028,-1,-1,-1,2700,-1,0,-1,-1,-1,-1,-1
114210028,29,2,28,5600,100,0,0,0,0,0,0,0,0,0,0,56029,-1,-1,-1,2800,-1,0,-1,-1,-1,-1,-1
114210029,29,2,29,5800,100,0,0,0,0,0,0,0,0,0,0,56030,-1,-1,-1,2900,-1,0,-1,-1,-1,-1,-1
114210030,29,2,30,6000,100,0,0,0,0,0,0,0,0,0,0,56031,-1,-1,-1,3000,-1,0,-1,-1,-1,-1,-1
114210031,29,2,31,6200,100,0,0,0,0,0,0,0,0,0,0,56032,-1,-1,-1,3100,-1,0,-1,-1,-1,-1,-1
114210032,29,2,32,6400,100,0,0,0,0,0,0,0,0,0,0,56033,-1,-1,-1,3200,-1,0,-1,-1,-1,-1,-1
114210033,29,2,33,6600,100,0,0,0,0,0,0,0,0,0,0,56034,-1,-1,-1,3300,-1,0,-1,-1,-1,-1,-1
114210034,29,2,34,6800,100,0,0,0,0,0,0,0,0,0,0,56035,-1,-1,-1,3400,-1,0,-1,-1,-1,-1,-1
114210035,29,2,35,7000,100,0,0,0,0,0,0,0,0,0,0,56036,-1,-1,-1,3500,-1,0,-1,-1,-1,-1,-1
114210036,29,2,36,7200,100,0,0,0,0,0,0,0,0,0,0,56037,-1,-1,-1,3600,-1,0,-1,-1,-1,-1,-1
114210037,29,2,37,7400,100,0,0,0,0,0,0,0,0,0,0,56038,-1,-1,-1,3700,-1,0,-1,-1,-1,-1,-1
114210038,29,2,38,7600,100,0,0,0,0,0,0,0,0,0,0,56039,-1,-1,-1,3800,-1,0,-1,-1,-1,-1,-1
114210039,29,2,39,7800,100,0,0,0,0,0,0,0,0,0,0,56040,-1,-1,-1,3900,-1,0,-1,-1,-1,-1,-1
114210040,29,2,40,8000,100,0,0,0,0,0,0,0,0,0,0,56041,-1,-1,-1,-1,-1,1,114310040,20000,-1,-1,-1
114310040,30,3,40,12000,100,0,0,0,0,0,0,0,0,0,0,56042,-1,-1,-1,4000,-1,0,-1,-1,-1,-1,-1
114310041,30,3,41,12300,100,0,0,0,0,0,0,0,0,0,0,56043,-1,-1,-1,4100,-1,0,-1,-1,-1,-1,-1
114310042,30,3,42,12600,100,0,0,0,0,0,0,0,0,0,0,56044,-1,-1,-1,4200,-1,0,-1,-1,-1,-1,-1
114310043,30,3,43,12900,100,0,0,0,0,0,0,0,0,0,0,56045,-1,-1,-1,4300,-1,0,-1,-1,-1,-1,-1
114310044,30,3,44,13200,100,0,0,0,0,0,0,0,0,0,0,56046,-1,-1,-1,4400,-1,0,-1,-1,-1,-1,-1
114310045,30,3,45,13500,100,0,0,0,0,0,0,0,0,0,0,56047,-1,-1,-1,4500,-1,0,-1,-1,-1,-1,-1
114310046,30,3,46,13800,100,0,0,0,0,0,0,0,0,0,0,56048,-1,-1,-1,4600,-1,0,-1,-1,-1,-1,-1
114310047,30,3,47,14100,100,0,0,0,0,0,0,0,0,0,0,56049,-1,-1,-1,4700,-1,0,-1,-1,-1,-1,-1
114310048,30,3,48,14400,100,0,0,0,0,0,0,0,0,0,0,56050,-1,-1,-1,4800,-1,0,-1,-1,-1,-1,-1
114310049,30,3,49,14700,100,0,0,0,0,0,0,0,0,0,0,56051,-1,-1,-1,4900,-1,0,-1,-1,-1,-1,-1
114310050,30,3,50,15000,100,0,0,0,0,0,0,0,0,0,0,56052,-1,-1,-1,5000,-1,0,-1,-1,-1,-1,-1
114310051,30,3,51,15300,100,0,0,0,0,0,0,0,0,0,0,56053,-1,-1,-1,5100,-1,0,-1,-1,-1,-1,-1
114310052,30,3,52,15600,100,0,0,0,0,0,0,0,0,0,0,56054,-1,-1,-1,5200,-1,0,-1,-1,-1,-1,-1
114310053,30,3,53,15900,100,0,0,0,0,0,0,0,0,0,0,56055,-1,-1,-1,5300,-1,0,-1,-1,-1,-1,-1
114310054,30,3,54,16200,100,0,0,0,0,0,0,0,0,0,0,56056,-1,-1,-1,5400,-1,0,-1,-1,-1,-1,-1
114310055,30,3,55,16500,100,0,0,0,0,0,0,0,0,0,0,56057,-1,-1,-1,5500,-1,0,-1,-1,-1,-1,-1
114310056,30,3,56,16800,100,0,0,0,0,0,0,0,0,0,0,56058,-1,-1,-1,5600,-1,0,-1,-1,-1,-1,-1
114310057,30,3,57,17100,100,0,0,0,0,0,0,0,0,0,0,56059,-1,-1,-1,5700,-1,0,-1,-1,-1,-1,-1
114310058,30,3,58,17400,100,0,0,0,0,0,0,0,0,0,0,56060,-1,-1,-1,5800,-1,0,-1,-1,-1,-1,-1
114310059,30,3,59,17700,100,0,0,0,0,0,0,0,0,0,0,56061,-1,-1,-1,5900,-1,0,-1,-1,-1,-1,-1
114310060,30,3,60,18000,100,0,0,0,0,0,0,0,0,0,0,56062,-1,-1,-1,6000,-1,0,-1,-1,-1,-1,-1
114211001,31,2,1,100,100,0,0,0,0,0,0,0,0,0,0,56063,-1,-1,-1,100,-1,0,-1,-1,-1,-1,-1
114211002,31,2,2,200,100,0,0,0,0,0,0,0,0,0,0,56064,-1,-1,-1,200,-1,0,-1,-1,-1,-1,-1
114211003,31,2,3,300,100,0,0,0,0,0,0,0,0,0,0,56065,-1,-1,-1,300,-1,0,-1,-1,-1,-1,-1
114211004,31,2,4,400,100,0,0,0,0,0,0,0,0,0,0,56066,-1,-1,-1,400,-1,0,-1,-1,-1,-1,-1
114211005,31,2,5,500,100,0,0,0,0,0,0,0,0,0,0,56067,-1,-1,-1,500,-1,0,-1,-1,-1,-1,-1
114211006,31,2,6,600,100,0,0,0,0,0,0,0,0,0,0,56068,-1,-1,-1,600,-1,0,-1,-1,-1,-1,-1
114211007,31,2,7,700,100,0,0,0,0,0,0,0,0,0,0,56069,-1,-1,-1,700,-1,0,-1,-1,-1,-1,-1
114211008,31,2,8,800,100,0,0,0,0,0,0,0,0,0,0,56070,-1,-1,-1,800,-1,0,-1,-1,-1,-1,-1
114211009,31,2,9,900,100,0,0,0,0,0,0,0,0,0,0,56071,-1,-1,-1,900,-1,0,-1,-1,-1,-1,-1
114211010,31,2,10,1000,100,0,0,0,0,0,0,0,0,0,0,56072,-1,-1,-1,1000,-1,0,-1,-1,-1,-1,-1
114211011,31,2,11,1100,100,0,0,0,0,0,0,0,0,0,0,56073,-1,-1,-1,1100,-1,0,-1,-1,-1,-1,-1
114211012,31,2,12,1200,100,0,0,0,0,0,0,0,0,0,0,56074,-1,-1,-1,1200,-1,0,-1,-1,-1,-1,-1
114211013,31,2,13,1300,100,0,0,0,0,0,0,0,0,0,0,56075,-1,-1,-1,1300,-1,0,-1,-1,-1,-1,-1
114211014,31,2,14,1400,100,0,0,0,0,0,0,0,0,0,0,56076,-1,-1,-1,1400,-1,0,-1,-1,-1,-1,-1
114211015,31,2,15,1500,100,0,0,0,0,0,0,0,0,0,0,56077,-1,-1,-1,1500,-1,0,-1,-1,-1,-1,-1
114211016,31,2,16,1600,100,0,0,0,0,0,0,0,0,0,0,56078,-1,-1,-1,1600,-1,0,-1,-1,-1,-1,-1
114211017,31,2,17,1700,100,0,0,0,0,0,0,0,0,0,0,56079,-1,-1,-1,1700,-1,0,-1,-1,-1,-1,-1
114211018,31,2,18,1800,100,0,0,0,0,0,0,0,0,0,0,56080,-1,-1,-1,1800,-1,0,-1,-1,-1,-1,-1
114211019,31,2,19,1900,100,0,0,0,0,0,0,0,0,0,0,56081,-1,-1,-1,1900,-1,0,-1,-1,-1,-1,-1
114211020,31,2,20,2000,100,0,0,0,0,0,0,0,0,0,0,56082,-1,-1,-1,-1,-1,1,114311020,10000,-1,-1,-1
114311020,32,3,20,4000,100,0,0,0,0,0,0,0,0,0,0,56083,-1,-1,-1,2000,-1,0,-1,-1,-1,-1,-1
114311021,32,3,21,4200,100,0,0,0,0,0,0,0,0,0,0,56084,-1,-1,-1,2100,-1,0,-1,-1,-1,-1,-1
114311022,32,3,22,4400,100,0,0,0,0,0,0,0,0,0,0,56085,-1,-1,-1,2200,-1,0,-1,-1,-1,-1,-1
114311023,32,3,23,4600,100,0,0,0,0,0,0,0,0,0,0,56086,-1,-1,-1,2300,-1,0,-1,-1,-1,-1,-1
114311024,32,3,24,4800,100,0,0,0,0,0,0,0,0,0,0,56087,-1,-1,-1,2400,-1,0,-1,-1,-1,-1,-1
114311025,32,3,25,5000,100,0,0,0,0,0,0,0,0,0,0,56088,-1,-1,-1,2500,-1,0,-1,-1,-1,-1,-1
114311026,32,3,26,5200,100,0,0,0,0,0,0,0,0,0,0,56089,-1,-1,-1,2600,-1,0,-1,-1,-1,-1,-1
114311027,32,3,27,5400,100,0,0,0,0,0,0,0,0,0,0,56090,-1,-1,-1,2700,-1,0,-1,-1,-1,-1,-1
114311028,32,3,28,5600,100,0,0,0,0,0,0,0,0,0,0,56091,-1,-1,-1,2800,-1,0,-1,-1,-1,-1,-1
114311029,32,3,29,5800,100,0,0,0,0,0,0,0,0,0,0,56092,-1,-1,-1,2900,-1,0,-1,-1,-1,-1,-1
114311030,32,3,30,6000,100,0,0,0,0,0,0,0,0,0,0,56093,-1,-1,-1,3000,-1,0,-1,-1,-1,-1,-1
114311031,32,3,31,6200,100,0,0,0,0,0,0,0,0,0,0,56094,-1,-1,-1,3100,-1,0,-1,-1,-1,-1,-1
114311032,32,3,32,6400,100,0,0,0,0,0,0,0,0,0,0,56095,-1,-1,-1,3200,-1,0,-1,-1,-1,-1,-1
114311033,32,3,33,6600,100,0,0,0,0,0,0,0,0,0,0,56096,-1,-1,-1,3300,-1,0,-1,-1,-1,-1,-1
114311034,32,3,34,6800,100,0,0,0,0,0,0,0,0,0,0,56097,-1,-1,-1,3400,-1,0,-1,-1,-1,-1,-1
114311035,32,3,35,7000,100,0,0,0,0,0,0,0,0,0,0,56098,-1,-1,-1,3500,-1,0,-1,-1,-1,-1,-1
114311036,32,3,36,7200,100,0,0,0,0,0,0,0,0,0,0,56099,-1,-1,-1,3600,-1,0,-1,-1,-1,-1,-1
114311037,32,3,37,7400,100,0,0,0,0,0,0,0,0,0,0,56100,-1,-1,-1,3700,-1,0,-1,-1,-1,-1,-1
114311038,32,3,38,7600,100,0,0,0,0,0,0,0,0,0,0,56101,-1,-1,-1,3800,-1,0,-1,-1,-1,-1,-1
114311039,32,3,39,7800,100,0,0,0,0,0,0,0,0,0,0,56102,-1,-1,-1,3900,-1,0,-1,-1,-1,-1,-1
114311040,33,3,40,8000,100,0,0,0,0,0,0,0,0,0,0,56103,-1,-1,-1,-1,-1,1,114411040,20000,-1,-1,-1
114411040,33,4,40,12000,100,0,0,0,0,0,0,0,0,0,0,56104,-1,-1,-1,4000,-1,0,-1,-1,-1,-1,-1
114411041,33,4,41,12300,100,0,0,0,0,0,0,0,0,0,0,56105,-1,-1,-1,4100,-1,0,-1,-1,-1,-1,-1
114411042,33,4,42,12600,100,0,0,0,0,0,0,0,0,0,0,56106,-1,-1,-1,4200,-1,0,-1,-1,-1,-1,-1
114411043,33,4,43,12900,100,0,0,0,0,0,0,0,0,0,0,56107,-1,-1,-1,4300,-1,0,-1,-1,-1,-1,-1
114411044,33,4,44,13200,100,0,0,0,0,0,0,0,0,0,0,56108,-1,-1,-1,4400,-1,0,-1,-1,-1,-1,-1
114411045,33,4,45,13500,100,0,0,0,0,0,0,0,0,0,0,56109,-1,-1,-1,4500,-1,0,-1,-1,-1,-1,-1
114411046,33,4,46,13800,100,0,0,0,0,0,0,0,0,0,0,56110,-1,-1,-1,4600,-1,0,-1,-1,-1,-1,-1
114411047,33,4,47,14100,100,0,0,0,0,0,0,0,0,0,0,56111,-1,-1,-1,4700,-1,0,-1,-1,-1,-1,-1
114411048,33,4,48,14400,100,0,0,0,0,0,0,0,0,0,0,56112,-1,-1,-1,4800,-1,0,-1,-1,-1,-1,-1
114411049,33,4,49,14700,100,0,0,0,0,0,0,0,0,0,0,56113,-1,-1,-1,4900,-1,0,-1,-1,-1,-1,-1
114411050,33,4,50,15000,100,0,0,0,0,0,0,0,0,0,0,56114,-1,-1,-1,5000,-1,0,-1,-1,-1,-1,-1
114411051,33,4,51,15300,100,0,0,0,0,0,0,0,0,0,0,56115,-1,-1,-1,5100,-1,0,-1,-1,-1,-1,-1
114411052,33,4,52,15600,100,0,0,0,0,0,0,0,0,0,0,56116,-1,-1,-1,5200,-1,0,-1,-1,-1,-1,-1
114411053,33,4,53,15900,100,0,0,0,0,0,0,0,0,0,0,56117,-1,-1,-1,5300,-1,0,-1,-1,-1,-1,-1
114411054,33,4,54,16200,100,0,0,0,0,0,0,0,0,0,0,56118,-1,-1,-1,5400,-1,0,-1,-1,-1,-1,-1
114411055,33,4,55,16500,100,0,0,0,0,0,0,0,0,0,0,56119,-1,-1,-1,5500,-1,0,-1,-1,-1,-1,-1
114411056,33,4,56,16800,100,0,0,0,0,0,0,0,0,0,0,56120,-1,-1,-1,5600,-1,0,-1,-1,-1,-1,-1
114411057,33,4,57,17100,100,0,0,0,0,0,0,0,0,0,0,56121,-1,-1,-1,5700,-1,0,-1,-1,-1,-1,-1
114411058,33,4,58,17400,100,0,0,0,0,0,0,0,0,0,0,56122,-1,-1,-1,5800,-1,0,-1,-1,-1,-1,-1
114411059,33,4,59,17700,100,0,0,0,0,0,0,0,0,0,0,56123,-1,-1,-1,5900,-1,0,-1,-1,-1,-1,-1
114411060,33,4,60,18000,100,0,0,0,0,0,0,0,0,0,0,56124,-1,-1,-1,6000,-1,0,-1,-1,-1,-1,-1
114411061,33,4,61,18300,100,0,0,0,0,0,0,0,0,0,0,56125,-1,-1,-1,6100,-1,0,-1,-1,-1,-1,-1
114411062,33,4,62,18600,100,0,0,0,0,0,0,0,0,0,0,56126,-1,-1,-1,6200,-1,0,-1,-1,-1,-1,-1
114411063,33,4,63,18900,100,0,0,0,0,0,0,0,0,0,0,56127,-1,-1,-1,6300,-1,0,-1,-1,-1,-1,-1
114411064,33,4,64,19200,100,0,0,0,0,0,0,0,0,0,0,56128,-1,-1,-1,6400,-1,0,-1,-1,-1,-1,-1
114411065,33,4,65,19500,100,0,0,0,0,0,0,0,0,0,0,56129,-1,-1,-1,6500,-1,0,-1,-1,-1,-1,-1
114411066,33,4,66,19800,100,0,0,0,0,0,0,0,0,0,0,56130,-1,-1,-1,6600,-1,0,-1,-1,-1,-1,-1
114411067,33,4,67,20100,100,0,0,0,0,0,0,0,0,0,0,56131,-1,-1,-1,6700,-1,0,-1,-1,-1,-1,-1
114411068,33,4,68,20400,100,0,0,0,0,0,0,0,0,0,0,56132,-1,-1,-1,6800,-1,0,-1,-1,-1,-1,-1
114411069,33,4,69,20700,100,0,0,0,0,0,0,0,0,0,0,56133,-1,-1,-1,6900,-1,0,-1,-1,-1,-1,-1
114411070,33,4,70,21000,100,0,0,0,0,0,0,0,0,0,0,56134,-1,-1,-1,7000,-1,0,-1,-1,-1,-1,-1
114312001,34,3,1,100,100,0,0,0,0,0,0,0,0,0,0,56135,-1,-1,-1,100,-1,0,-1,-1,-1,-1,-1
114312002,34,3,2,200,100,0,0,0,0,0,0,0,0,0,0,56136,-1,-1,-1,200,-1,0,-1,-1,-1,-1,-1
114312003,34,3,3,300,100,0,0,0,0,0,0,0,0,0,0,56137,-1,-1,-1,300,-1,0,-1,-1,-1,-1,-1
114312004,34,3,4,400,100,0,0,0,0,0,0,0,0,0,0,56138,-1,-1,-1,400,-1,0,-1,-1,-1,-1,-1
114312005,34,3,5,500,100,0,0,0,0,0,0,0,0,0,0,56139,-1,-1,-1,500,-1,0,-1,-1,-1,-1,-1
114312006,34,3,6,600,100,0,0,0,0,0,0,0,0,0,0,56140,-1,-1,-1,600,-1,0,-1,-1,-1,-1,-1
114312007,34,3,7,700,100,0,0,0,0,0,0,0,0,0,0,56141,-1,-1,-1,700,-1,0,-1,-1,-1,-1,-1
114312008,34,3,8,800,100,0,0,0,0,0,0,0,0,0,0,56142,-1,-1,-1,800,-1,0,-1,-1,-1,-1,-1
114312009,34,3,9,900,100,0,0,0,0,0,0,0,0,0,0,56143,-1,-1,-1,900,-1,0,-1,-1,-1,-1,-1
114312010,34,3,10,1000,100,0,0,0,0,0,0,0,0,0,0,56144,-1,-1,-1,1000,-1,0,-1,-1,-1,-1,-1
114312011,34,3,11,1100,100,0,0,0,0,0,0,0,0,0,0,56145,-1,-1,-1,1100,-1,0,-1,-1,-1,-1,-1
114312012,34,3,12,1200,100,0,0,0,0,0,0,0,0,0,0,56146,-1,-1,-1,1200,-1,0,-1,-1,-1,-1,-1
114312013,34,3,13,1300,100,0,0,0,0,0,0,0,0,0,0,56147,-1,-1,-1,1300,-1,0,-1,-1,-1,-1,-1
114312014,34,3,14,1400,100,0,0,0,0,0,0,0,0,0,0,56148,-1,-1,-1,1400,-1,0,-1,-1,-1,-1,-1
114312015,34,3,15,1500,100,0,0,0,0,0,0,0,0,0,0,56149,-1,-1,-1,1500,-1,0,-1,-1,-1,-1,-1
114312016,34,3,16,1600,100,0,0,0,0,0,0,0,0,0,0,56150,-1,-1,-1,1600,-1,0,-1,-1,-1,-1,-1
114312017,34,3,17,1700,100,0,0,0,0,0,0,0,0,0,0,56151,-1,-1,-1,1700,-1,0,-1,-1,-1,-1,-1
114312018,34,3,18,1800,100,0,0,0,0,0,0,0,0,0,0,56152,-1,-1,-1,1800,-1,0,-1,-1,-1,-1,-1
114312019,34,3,19,1900,100,0,0,0,0,0,0,0,0,0,0,56153,-1,-1,-1,1900,-1,0,-1,-1,-1,-1,-1
114312020,34,3,20,2000,100,0,0,0,0,0,0,0,0,0,0,56154,-1,-1,-1,2000,-1,0,-1,-1,-1,-1,-1
114312021,34,3,21,2100,100,0,0,0,0,0,0,0,0,0,0,56155,-1,-1,-1,2100,-1,0,-1,-1,-1,-1,-1
114312022,34,3,22,2200,100,0,0,0,0,0,0,0,0,0,0,56156,-1,-1,-1,2200,-1,0,-1,-1,-1,-1,-1
114312023,34,3,23,2300,100,0,0,0,0,0,0,0,0,0,0,56157,-1,-1,-1,2300,-1,0,-1,-1,-1,-1,-1
114312024,34,3,24,2400,100,0,0,0,0,0,0,0,0,0,0,56158,-1,-1,-1,2400,-1,0,-1,-1,-1,-1,-1
114312025,34,3,25,2500,100,0,0,0,0,0,0,0,0,0,0,56159,-1,-1,-1,2500,-1,0,-1,-1,-1,-1,-1
114312026,34,3,26,2600,100,0,0,0,0,0,0,0,0,0,0,56160,-1,-1,-1,2600,-1,0,-1,-1,-1,-1,-1
114312027,34,3,27,2700,100,0,0,0,0,0,0,0,0,0,0,56161,-1,-1,-1,2700,-1,0,-1,-1,-1,-1,-1
114312028,34,3,28,2800,100,0,0,0,0,0,0,0,0,0,0,56162,-1,-1,-1,2800,-1,0,-1,-1,-1,-1,-1
114312029,34,3,29,2900,100,0,0,0,0,0,0,0,0,0,0,56163,-1,-1,-1,2900,-1,0,-1,-1,-1,-1,-1
114312030,34,3,30,3000,100,0,0,0,0,0,0,0,0,0,0,56164,-1,-1,-1,-1,-1,1,114412030,15000,-1,-1,-1
114412030,35,4,30,6000,100,0,0,0,0,0,0,0,0,0,0,56165,-1,-1,-1,3000,-1,0,-1,-1,-1,-1,-1
114412031,35,4,31,6200,100,0,0,0,0,0,0,0,0,0,0,56166,-1,-1,-1,3100,-1,0,-1,-1,-1,-1,-1
114412032,35,4,32,6400,100,0,0,0,0,0,0,0,0,0,0,56167,-1,-1,-1,3200,-1,0,-1,-1,-1,-1,-1
114412033,35,4,33,6600,100,0,0,0,0,0,0,0,0,0,0,56168,-1,-1,-1,3300,-1,0,-1,-1,-1,-1,-1
114412034,35,4,34,6800,100,0,0,0,0,0,0,0,0,0,0,56169,-1,-1,-1,3400,-1,0,-1,-1,-1,-1,-1
114412035,35,4,35,7000,100,0,0,0,0,0,0,0,0,0,0,56170,-1,-1,-1,3500,-1,0,-1,-1,-1,-1,-1
114412036,35,4,36,7200,100,0,0,0,0,0,0,0,0,0,0,56171,-1,-1,-1,3600,-1,0,-1,-1,-1,-1,-1
114412037,35,4,37,7400,100,0,0,0,0,0,0,0,0,0,0,56172,-1,-1,-1,3700,-1,0,-1,-1,-1,-1,-1
114412038,35,4,38,7600,100,0,0,0,0,0,0,0,0,0,0,56173,-1,-1,-1,3800,-1,0,-1,-1,-1,-1,-1
114412039,35,4,39,7800,100,0,0,0,0,0,0,0,0,0,0,56174,-1,-1,-1,3900,-1,0,-1,-1,-1,-1,-1
114412040,35,4,40,8000,100,0,0,0,0,0,0,0,0,0,0,56175,-1,-1,-1,4000,-1,0,-1,-1,-1,-1,-1
114412041,35,4,41,8200,100,0,0,0,0,0,0,0,0,0,0,56176,-1,-1,-1,4100,-1,0,-1,-1,-1,-1,-1
114412042,35,4,42,8400,100,0,0,0,0,0,0,0,0,0,0,56177,-1,-1,-1,4200,-1,0,-1,-1,-1,-1,-1
114412043,35,4,43,8600,100,0,0,0,0,0,0,0,0,0,0,56178,-1,-1,-1,4300,-1,0,-1,-1,-1,-1,-1
114412044,35,4,44,8800,100,0,0,0,0,0,0,0,0,0,0,56179,-1,-1,-1,4400,-1,0,-1,-1,-1,-1,-1
114412045,35,4,45,9000,100,0,0,0,0,0,0,0,0,0,0,56180,-1,-1,-1,4500,-1,0,-1,-1,-1,-1,-1
114412046,35,4,46,9200,100,0,0,0,0,0,0,0,0,0,0,56181,-1,-1,-1,4600,-1,0,-1,-1,-1,-1,-1
114412047,35,4,47,9400,100,0,0,0,0,0,0,0,0,0,0,56182,-1,-1,-1,4700,-1,0,-1,-1,-1,-1,-1
114412048,35,4,48,9600,100,0,0,0,0,0,0,0,0,0,0,56183,-1,-1,-1,4800,-1,0,-1,-1,-1,-1,-1
114412049,35,4,49,9800,100,0,0,0,0,0,0,0,0,0,0,56184,-1,-1,-1,4900,-1,0,-1,-1,-1,-1,-1
114412050,35,4,50,10000,100,0,0,0,0,0,0,0,0,0,0,56185,-1,-1,-1,5000,-1,0,-1,-1,-1,-1,-1
114412051,35,4,51,10200,100,0,0,0,0,0,0,0,0,0,0,56186,-1,-1,-1,5100,-1,0,-1,-1,-1,-1,-1
114412052,35,4,52,10400,100,0,0,0,0,0,0,0,0,0,0,56187,-1,-1,-1,5200,-1,0,-1,-1,-1,-1,-1
114412053,35,4,53,10600,100,0,0,0,0,0,0,0,0,0,0,56188,-1,-1,-1,5300,-1,0,-1,-1,-1,-1,-1
114412054,35,4,54,10800,100,0,0,0,0,0,0,0,0,0,0,56189,-1,-1,-1,5400,-1,0,-1,-1,-1,-1,-1
114412055,35,4,55,11000,100,0,0,0,0,0,0,0,0,0,0,56190,-1,-1,-1,5500,-1,0,-1,-1,-1,-1,-1
114412056,35,4,56,11200,100,0,0,0,0,0,0,0,0,0,0,56191,-1,-1,-1,5600,-1,0,-1,-1,-1,-1,-1
114412057,35,4,57,11400,100,0,0,0,0,0,0,0,0,0,0,56192,-1,-1,-1,5700,-1,0,-1,-1,-1,-1,-1
114412058,35,4,58,11600,100,0,0,0,0,0,0,0,0,0,0,56193,-1,-1,-1,5800,-1,0,-1,-1,-1,-1,-1
114412059,35,4,59,11800,100,0,0,0,0,0,0,0,0,0,0,56194,-1,-1,-1,5900,-1,0,-1,-1,-1,-1,-1
114412060,35,4,60,12000,100,0,0,0,0,0,0,0,0,0,0,56195,-1,-1,-1,-1,-1,1,114512060,30000,-1,-1,-1
114512060,36,5,60,18000,100,0,0,0,0,0,0,0,0,0,0,56196,-1,-1,-1,6000,-1,0,-1,-1,-1,-1,-1
114512061,36,5,61,18300,100,0,0,0,0,0,0,0,0,0,0,56197,-1,-1,-1,6100,-1,0,-1,-1,-1,-1,-1
114512062,36,5,62,18600,100,0,0,0,0,0,0,0,0,0,0,56198,-1,-1,-1,6200,-1,0,-1,-1,-1,-1,-1
114512063,36,5,63,18900,100,0,0,0,0,0,0,0,0,0,0,56199,-1,-1,-1,6300,-1,0,-1,-1,-1,-1,-1
114512064,36,5,64,19200,100,0,0,0,0,0,0,0,0,0,0,56200,-1,-1,-1,6400,-1,0,-1,-1,-1,-1,-1
114512065,36,5,65,19500,100,0,0,0,0,0,0,0,0,0,0,56201,-1,-1,-1,6500,-1,0,-1,-1,-1,-1,-1
114512066,36,5,66,19800,100,0,0,0,0,0,0,0,0,0,0,56202,-1,-1,-1,6600,-1,0,-1,-1,-1,-1,-1
114512067,36,5,67,20100,100,0,0,0,0,0,0,0,0,0,0,56203,-1,-1,-1,6700,-1,0,-1,-1,-1,-1,-1
114512068,36,5,68,20400,100,0,0,0,0,0,0,0,0,0,0,56204,-1,-1,-1,6800,-1,0,-1,-1,-1,-1,-1
114512069,36,5,69,20700,100,0,0,0,0,0,0,0,0,0,0,56205,-1,-1,-1,6900,-1,0,-1,-1,-1,-1,-1
114512070,36,5,70,21000,100,0,0,0,0,0,0,0,0,0,0,56206,-1,-1,-1,7000,-1,0,-1,-1,-1,-1,-1
114512071,36,5,71,21300,100,0,0,0,0,0,0,0,0,0,0,56207,-1,-1,-1,7100,-1,0,-1,-1,-1,-1,-1
114512072,36,5,72,21600,100,0,0,0,0,0,0,0,0,0,0,56208,-1,-1,-1,7200,-1,0,-1,-1,-1,-1,-1
114512073,36,5,73,21900,100,0,0,0,0,0,0,0,0,0,0,56209,-1,-1,-1,7300,-1,0,-1,-1,-1,-1,-1
114512074,36,5,74,22200,100,0,0,0,0,0,0,0,0,0,0,56210,-1,-1,-1,7400,-1,0,-1,-1,-1,-1,-1
114512075,36,5,75,22500,100,0,0,0,0,0,0,0,0,0,0,56211,-1,-1,-1,7500,-1,0,-1,-1,-1,-1,-1
114512076,36,5,76,22800,100,0,0,0,0,0,0,0,0,0,0,56212,-1,-1,-1,7600,-1,0,-1,-1,-1,-1,-1
114512077,36,5,77,23100,100,0,0,0,0,0,0,0,0,0,0,56213,-1,-1,-1,7700,-1,0,-1,-1,-1,-1,-1
114512078,36,5,78,23400,100,0,0,0,0,0,0,0,0,0,0,56214,-1,-1,-1,7800,-1,0,-1,-1,-1,-1,-1
114512079,36,5,79,23700,100,0,0,0,0,0,0,0,0,0,0,56215,-1,-1,-1,7900,-1,0,-1,-1,-1,-1,-1
114512080,36,5,80,24000,100,0,0,0,0,0,0,0,0,0,0,56216,-1,-1,-1,8000,-1,0,-1,-1,-1,-1,-1
115113001,37,1,1,100,100,0,0,0,0,0,0,0,0,0,0,57001,58001,-1,-1,100,-1,0,-1,-1,-1,-1,-1
115113002,37,1,2,200,100,0,0,0,0,0,0,0,0,0,0,57002,58002,-1,-1,200,-1,0,-1,-1,-1,-1,-1
115113003,37,1,3,300,100,0,0,0,0,0,0,0,0,0,0,57003,58003,-1,-1,300,-1,0,-1,-1,-1,-1,-1
115113004,37,1,4,400,100,0,0,0,0,0,0,0,0,0,0,57004,58004,-1,-1,400,-1,0,-1,-1,-1,-1,-1
115113005,37,1,5,500,100,0,0,0,0,0,0,0,0,0,0,57005,58005,-1,-1,500,-1,0,-1,-1,-1,-1,-1
115113006,37,1,6,600,100,0,0,0,0,0,0,0,0,0,0,57006,58006,-1,-1,600,-1,0,-1,-1,-1,-1,-1
115113007,37,1,7,700,100,0,0,0,0,0,0,0,0,0,0,57007,58007,-1,-1,700,-1,0,-1,-1,-1,-1,-1
115113008,37,1,8,800,100,0,0,0,0,0,0,0,0,0,0,57008,58008,-1,-1,800,-1,0,-1,-1,-1,-1,-1
115113009,37,1,9,900,100,0,0,0,0,0,0,0,0,0,0,57009,58009,-1,-1,900,-1,0,-1,-1,-1,-1,-1
115113010,37,1,10,1000,100,0,0,0,0,0,0,0,0,0,0,57010,58010,-1,-1,1000,-1,0,-1,-1,-1,-1,-1
115113011,37,1,11,1100,100,0,0,0,0,0,0,0,0,0,0,57011,58011,-1,-1,1100,-1,0,-1,-1,-1,-1,-1
115113012,37,1,12,1200,100,0,0,0,0,0,0,0,0,0,0,57012,58012,-1,-1,1200,-1,0,-1,-1,-1,-1,-1
115113013,37,1,13,1300,100,0,0,0,0,0,0,0,0,0,0,57013,58013,-1,-1,1300,-1,0,-1,-1,-1,-1,-1
115113014,37,1,14,1400,100,0,0,0,0,0,0,0,0,0,0,57014,58014,-1,-1,1400,-1,0,-1,-1,-1,-1,-1
115113015,37,1,15,1500,100,0,0,0,0,0,0,0,0,0,0,57015,58015,-1,-1,1500,-1,0,-1,-1,-1,-1,-1
115113016,37,1,16,1600,100,0,0,0,0,0,0,0,0,0,0,57016,58016,-1,-1,1600,-1,0,-1,-1,-1,-1,-1
115113017,37,1,17,1700,100,0,0,0,0,0,0,0,0,0,0,57017,58017,-1,-1,1700,-1,0,-1,-1,-1,-1,-1
115113018,37,1,18,1800,100,0,0,0,0,0,0,0,0,0,0,57018,58018,-1,-1,1800,-1,0,-1,-1,-1,-1,-1
115113019,37,1,19,1900,100,0,0,0,0,0,0,0,0,0,0,57019,58019,-1,-1,1900,-1,0,-1,-1,-1,-1,-1
115113020,37,1,20,2000,100,0,0,0,0,0,0,0,0,0,0,57020,58020,-1,-1,-1,-1,1,115213020,10000,-1,-1,-1
115213020,38,2,20,4000,100,0,0,0,0,0,0,0,0,0,0,57021,58021,-1,-1,2000,-1,0,-1,-1,-1,-1,-1
115213021,38,2,21,4200,100,0,0,0,0,0,0,0,0,0,0,57022,58022,-1,-1,2100,-1,0,-1,-1,-1,-1,-1
115213022,38,2,22,4400,100,0,0,0,0,0,0,0,0,0,0,57023,58023,-1,-1,2200,-1,0,-1,-1,-1,-1,-1
115213023,38,2,23,4600,100,0,0,0,0,0,0,0,0,0,0,57024,58024,-1,-1,2300,-1,0,-1,-1,-1,-1,-1
115213024,38,2,24,4800,100,0,0,0,0,0,0,0,0,0,0,57025,58025,-1,-1,2400,-1,0,-1,-1,-1,-1,-1
115213025,38,2,25,5000,100,0,0,0,0,0,0,0,0,0,0,57026,58026,-1,-1,2500,-1,0,-1,-1,-1,-1,-1
115213026,38,2,26,5200,100,0,0,0,0,0,0,0,0,0,0,57027,58027,-1,-1,2600,-1,0,-1,-1,-1,-1,-1
115213027,38,2,27,5400,100,0,0,0,0,0,0,0,0,0,0,57028,58028,-1,-1,2700,-1,0,-1,-1,-1,-1,-1
115213028,38,2,28,5600,100,0,0,0,0,0,0,0,0,0,0,57029,58029,-1,-1,2800,-1,0,-1,-1,-1,-1,-1
115213029,38,2,29,5800,100,0,0,0,0,0,0,0,0,0,0,57030,58030,-1,-1,2900,-1,0,-1,-1,-1,-1,-1
115213030,38,2,30,6000,100,0,0,0,0,0,0,0,0,0,0,57031,58031,-1,-1,3000,-1,0,-1,-1,-1,-1,-1
115213031,38,2,31,6200,100,0,0,0,0,0,0,0,0,0,0,57032,58032,-1,-1,3100,-1,0,-1,-1,-1,-1,-1
115213032,38,2,32,6400,100,0,0,0,0,0,0,0,0,0,0,57033,58033,-1,-1,3200,-1,0,-1,-1,-1,-1,-1
115213033,38,2,33,6600,100,0,0,0,0,0,0,0,0,0,0,57034,58034,-1,-1,3300,-1,0,-1,-1,-1,-1,-1
115213034,38,2,34,6800,100,0,0,0,0,0,0,0,0,0,0,57035,58035,-1,-1,3400,-1,0,-1,-1,-1,-1,-1
115213035,38,2,35,7000,100,0,0,0,0,0,0,0,0,0,0,57036,58036,-1,-1,3500,-1,0,-1,-1,-1,-1,-1
115213036,38,2,36,7200,100,0,0,0,0,0,0,0,0,0,0,57037,58037,-1,-1,3600,-1,0,-1,-1,-1,-1,-1
115213037,38,2,37,7400,100,0,0,0,0,0,0,0,0,0,0,57038,58038,-1,-1,3700,-1,0,-1,-1,-1,-1,-1
115213038,38,2,38,7600,100,0,0,0,0,0,0,0,0,0,0,57039,58039,-1,-1,3800,-1,0,-1,-1,-1,-1,-1
115213039,38,2,39,7800,100,0,0,0,0,0,0,0,0,0,0,57040,58040,-1,-1,3900,-1,0,-1,-1,-1,-1,-1
115213040,38,2,40,8000,100,0,0,0,0,0,0,0,0,0,0,57041,58041,-1,-1,-1,-1,1,115313040,20000,-1,-1,-1
115313040,39,3,40,12000,100,0,0,0,0,0,0,0,0,0,0,57042,58042,-1,-1,4000,-1,0,-1,-1,-1,-1,-1
115313041,39,3,41,12300,100,0,0,0,0,0,0,0,0,0,0,57043,58043,-1,-1,4100,-1,0,-1,-1,-1,-1,-1
115313042,39,3,42,12600,100,0,0,0,0,0,0,0,0,0,0,57044,58044,-1,-1,4200,-1,0,-1,-1,-1,-1,-1
115313043,39,3,43,12900,100,0,0,0,0,0,0,0,0,0,0,57045,58045,-1,-1,4300,-1,0,-1,-1,-1,-1,-1
115313044,39,3,44,13200,100,0,0,0,0,0,0,0,0,0,0,57046,58046,-1,-1,4400,-1,0,-1,-1,-1,-1,-1
115313045,39,3,45,13500,100,0,0,0,0,0,0,0,0,0,0,57047,58047,-1,-1,4500,-1,0,-1,-1,-1,-1,-1
115313046,39,3,46,13800,100,0,0,0,0,0,0,0,0,0,0,57048,58048,-1,-1,4600,-1,0,-1,-1,-1,-1,-1
115313047,39,3,47,14100,100,0,0,0,0,0,0,0,0,0,0,57049,58049,-1,-1,4700,-1,0,-1,-1,-1,-1,-1
115313048,39,3,48,14400,100,0,0,0,0,0,0,0,0,0,0,57050,58050,-1,-1,4800,-1,0,-1,-1,-1,-1,-1
115313049,39,3,49,14700,100,0,0,0,0,0,0,0,0,0,0,57051,58051,-1,-1,4900,-1,0,-1,-1,-1,-1,-1
115313050,39,3,50,15000,100,0,0,0,0,0,0,0,0,0,0,57052,58052,-1,-1,5000,-1,0,-1,-1,-1,-1,-1
115313051,39,3,51,15300,100,0,0,0,0,0,0,0,0,0,0,57053,58053,-1,-1,5100,-1,0,-1,-1,-1,-1,-1
115313052,39,3,52,15600,100,0,0,0,0,0,0,0,0,0,0,57054,58054,-1,-1,5200,-1,0,-1,-1,-1,-1,-1
115313053,39,3,53,15900,100,0,0,0,0,0,0,0,0,0,0,57055,58055,-1,-1,5300,-1,0,-1,-1,-1,-1,-1
115313054,39,3,54,16200,100,0,0,0,0,0,0,0,0,0,0,57056,58056,-1,-1,5400,-1,0,-1,-1,-1,-1,-1
115313055,39,3,55,16500,100,0,0,0,0,0,0,0,0,0,0,57057,58057,-1,-1,5500,-1,0,-1,-1,-1,-1,-1
115313056,39,3,56,16800,100,0,0,0,0,0,0,0,0,0,0,57058,58058,-1,-1,5600,-1,0,-1,-1,-1,-1,-1
115313057,39,3,57,17100,100,0,0,0,0,0,0,0,0,0,0,57059,58059,-1,-1,5700,-1,0,-1,-1,-1,-1,-1
115313058,39,3,58,17400,100,0,0,0,0,0,0,0,0,0,0,57060,58060,-1,-1,5800,-1,0,-1,-1,-1,-1,-1
115313059,39,3,59,17700,100,0,0,0,0,0,0,0,0,0,0,57061,58061,-1,-1,5900,-1,0,-1,-1,-1,-1,-1
115313060,39,3,60,18000,100,0,0,0,0,0,0,0,0,0,0,57062,58062,-1,-1,6000,-1,0,-1,-1,-1,-1,-1
115214001,40,2,1,100,100,0,0,0,0,0,0,0,0,0,0,57063,58063,-1,-1,100,-1,0,-1,-1,-1,-1,-1
115214002,40,2,2,200,100,0,0,0,0,0,0,0,0,0,0,57064,58064,-1,-1,200,-1,0,-1,-1,-1,-1,-1
115214003,40,2,3,300,100,0,0,0,0,0,0,0,0,0,0,57065,58065,-1,-1,300,-1,0,-1,-1,-1,-1,-1
115214004,40,2,4,400,100,0,0,0,0,0,0,0,0,0,0,57066,58066,-1,-1,400,-1,0,-1,-1,-1,-1,-1
115214005,40,2,5,500,100,0,0,0,0,0,0,0,0,0,0,57067,58067,-1,-1,500,-1,0,-1,-1,-1,-1,-1
115214006,40,2,6,600,100,0,0,0,0,0,0,0,0,0,0,57068,58068,-1,-1,600,-1,0,-1,-1,-1,-1,-1
115214007,40,2,7,700,100,0,0,0,0,0,0,0,0,0,0,57069,58069,-1,-1,700,-1,0,-1,-1,-1,-1,-1
115214008,40,2,8,800,100,0,0,0,0,0,0,0,0,0,0,57070,58070,-1,-1,800,-1,0,-1,-1,-1,-1,-1
115214009,40,2,9,900,100,0,0,0,0,0,0,0,0,0,0,57071,58071,-1,-1,900,-1,0,-1,-1,-1,-1,-1
115214010,40,2,10,1000,100,0,0,0,0,0,0,0,0,0,0,57072,58072,-1,-1,1000,-1,0,-1,-1,-1,-1,-1
115214011,40,2,11,1100,100,0,0,0,0,0,0,0,0,0,0,57073,58073,-1,-1,1100,-1,0,-1,-1,-1,-1,-1
115214012,40,2,12,1200,100,0,0,0,0,0,0,0,0,0,0,57074,58074,-1,-1,1200,-1,0,-1,-1,-1,-1,-1
115214013,40,2,13,1300,100,0,0,0,0,0,0,0,0,0,0,57075,58075,-1,-1,1300,-1,0,-1,-1,-1,-1,-1
115214014,40,2,14,1400,100,0,0,0,0,0,0,0,0,0,0,57076,58076,-1,-1,1400,-1,0,-1,-1,-1,-1,-1
115214015,40,2,15,1500,100,0,0,0,0,0,0,0,0,0,0,57077,58077,-1,-1,1500,-1,0,-1,-1,-1,-1,-1
115214016,40,2,16,1600,100,0,0,0,0,0,0,0,0,0,0,57078,58078,-1,-1,1600,-1,0,-1,-1,-1,-1,-1
115214017,40,2,17,1700,100,0,0,0,0,0,0,0,0,0,0,57079,58079,-1,-1,1700,-1,0,-1,-1,-1,-1,-1
115214018,40,2,18,1800,100,0,0,0,0,0,0,0,0,0,0,57080,58080,-1,-1,1800,-1,0,-1,-1,-1,-1,-1
115214019,40,2,19,1900,100,0,0,0,0,0,0,0,0,0,0,57081,58081,-1,-1,1900,-1,0,-1,-1,-1,-1,-1
115214020,40,2,20,2000,100,0,0,0,0,0,0,0,0,0,0,57082,58082,-1,-1,-1,-1,1,115314020,10000,-1,-1,-1
115314020,41,3,20,4000,100,0,0,0,0,0,0,0,0,0,0,57083,58083,-1,-1,2000,-1,0,-1,-1,-1,-1,-1
115314021,41,3,21,4200,100,0,0,0,0,0,0,0,0,0,0,57084,58084,-1,-1,2100,-1,0,-1,-1,-1,-1,-1
115314022,41,3,22,4400,100,0,0,0,0,0,0,0,0,0,0,57085,58085,-1,-1,2200,-1,0,-1,-1,-1,-1,-1
115314023,41,3,23,4600,100,0,0,0,0,0,0,0,0,0,0,57086,58086,-1,-1,2300,-1,0,-1,-1,-1,-1,-1
115314024,41,3,24,4800,100,0,0,0,0,0,0,0,0,0,0,57087,58087,-1,-1,2400,-1,0,-1,-1,-1,-1,-1
115314025,41,3,25,5000,100,0,0,0,0,0,0,0,0,0,0,57088,58088,-1,-1,2500,-1,0,-1,-1,-1,-1,-1
115314026,41,3,26,5200,100,0,0,0,0,0,0,0,0,0,0,57089,58089,-1,-1,2600,-1,0,-1,-1,-1,-1,-1
115314027,41,3,27,5400,100,0,0,0,0,0,0,0,0,0,0,57090,58090,-1,-1,2700,-1,0,-1,-1,-1,-1,-1
115314028,41,3,28,5600,100,0,0,0,0,0,0,0,0,0,0,57091,58091,-1,-1,2800,-1,0,-1,-1,-1,-1,-1
115314029,41,3,29,5800,100,0,0,0,0,0,0,0,0,0,0,57092,58092,-1,-1,2900,-1,0,-1,-1,-1,-1,-1
115314030,41,3,30,6000,100,0,0,0,0,0,0,0,0,0,0,57093,58093,-1,-1,3000,-1,0,-1,-1,-1,-1,-1
115314031,41,3,31,6200,100,0,0,0,0,0,0,0,0,0,0,57094,58094,-1,-1,3100,-1,0,-1,-1,-1,-1,-1
115314032,41,3,32,6400,100,0,0,0,0,0,0,0,0,0,0,57095,58095,-1,-1,3200,-1,0,-1,-1,-1,-1,-1
115314033,41,3,33,6600,100,0,0,0,0,0,0,0,0,0,0,57096,58096,-1,-1,3300,-1,0,-1,-1,-1,-1,-1
115314034,41,3,34,6800,100,0,0,0,0,0,0,0,0,0,0,57097,58097,-1,-1,3400,-1,0,-1,-1,-1,-1,-1
115314035,41,3,35,7000,100,0,0,0,0,0,0,0,0,0,0,57098,58098,-1,-1,3500,-1,0,-1,-1,-1,-1,-1
115314036,41,3,36,7200,100,0,0,0,0,0,0,0,0,0,0,57099,58099,-1,-1,3600,-1,0,-1,-1,-1,-1,-1
115314037,41,3,37,7400,100,0,0,0,0,0,0,0,0,0,0,57100,58100,-1,-1,3700,-1,0,-1,-1,-1,-1,-1
115314038,41,3,38,7600,100,0,0,0,0,0,0,0,0,0,0,57101,58101,-1,-1,3800,-1,0,-1,-1,-1,-1,-1
115314039,41,3,39,7800,100,0,0,0,0,0,0,0,0,0,0,57102,58102,-1,-1,3900,-1,0,-1,-1,-1,-1,-1
115314040,41,3,40,8000,100,0,0,0,0,0,0,0,0,0,0,57103,58103,-1,-1,-1,-1,1,115414040,20000,-1,-1,-1
115414040,42,4,40,12000,100,0,0,0,0,0,0,0,0,0,0,57104,58104,-1,-1,4000,-1,0,-1,-1,-1,-1,-1
115414041,42,4,41,12300,100,0,0,0,0,0,0,0,0,0,0,57105,58105,-1,-1,4100,-1,0,-1,-1,-1,-1,-1
115414042,42,4,42,12600,100,0,0,0,0,0,0,0,0,0,0,57106,58106,-1,-1,4200,-1,0,-1,-1,-1,-1,-1
115414043,42,4,43,12900,100,0,0,0,0,0,0,0,0,0,0,57107,58107,-1,-1,4300,-1,0,-1,-1,-1,-1,-1
115414044,42,4,44,13200,100,0,0,0,0,0,0,0,0,0,0,57108,58108,-1,-1,4400,-1,0,-1,-1,-1,-1,-1
115414045,42,4,45,13500,100,0,0,0,0,0,0,0,0,0,0,57109,58109,-1,-1,4500,-1,0,-1,-1,-1,-1,-1
115414046,42,4,46,13800,100,0,0,0,0,0,0,0,0,0,0,57110,58110,-1,-1,4600,-1,0,-1,-1,-1,-1,-1
115414047,42,4,47,14100,100,0,0,0,0,0,0,0,0,0,0,57111,58111,-1,-1,4700,-1,0,-1,-1,-1,-1,-1
115414048,42,4,48,14400,100,0,0,0,0,0,0,0,0,0,0,57112,58112,-1,-1,4800,-1,0,-1,-1,-1,-1,-1
115414049,42,4,49,14700,100,0,0,0,0,0,0,0,0,0,0,57113,58113,-1,-1,4900,-1,0,-1,-1,-1,-1,-1
115414050,42,4,50,15000,100,0,0,0,0,0,0,0,0,0,0,57114,58114,-1,-1,5000,-1,0,-1,-1,-1,-1,-1
115414051,42,4,51,15300,100,0,0,0,0,0,0,0,0,0,0,57115,58115,-1,-1,5100,-1,0,-1,-1,-1,-1,-1
115414052,42,4,52,15600,100,0,0,0,0,0,0,0,0,0,0,57116,58116,-1,-1,5200,-1,0,-1,-1,-1,-1,-1
115414053,42,4,53,15900,100,0,0,0,0,0,0,0,0,0,0,57117,58117,-1,-1,5300,-1,0,-1,-1,-1,-1,-1
115414054,42,4,54,16200,100,0,0,0,0,0,0,0,0,0,0,57118,58118,-1,-1,5400,-1,0,-1,-1,-1,-1,-1
115414055,42,4,55,16500,100,0,0,0,0,0,0,0,0,0,0,57119,58119,-1,-1,5500,-1,0,-1,-1,-1,-1,-1
115414056,42,4,56,16800,100,0,0,0,0,0,0,0,0,0,0,57120,58120,-1,-1,5600,-1,0,-1,-1,-1,-1,-1
115414057,42,4,57,17100,100,0,0,0,0,0,0,0,0,0,0,57121,58121,-1,-1,5700,-1,0,-1,-1,-1,-1,-1
115414058,42,4,58,17400,100,0,0,0,0,0,0,0,0,0,0,57122,58122,-1,-1,5800,-1,0,-1,-1,-1,-1,-1
115414059,42,4,59,17700,100,0,0,0,0,0,0,0,0,0,0,57123,58123,-1,-1,5900,-1,0,-1,-1,-1,-1,-1
115414060,42,4,60,18000,100,0,0,0,0,0,0,0,0,0,0,57124,58124,-1,-1,6000,-1,0,-1,-1,-1,-1,-1
115414061,42,4,61,18300,100,0,0,0,0,0,0,0,0,0,0,57125,58125,-1,-1,6100,-1,0,-1,-1,-1,-1,-1
115414062,42,4,62,18600,100,0,0,0,0,0,0,0,0,0,0,57126,58126,-1,-1,6200,-1,0,-1,-1,-1,-1,-1
115414063,42,4,63,18900,100,0,0,0,0,0,0,0,0,0,0,57127,58127,-1,-1,6300,-1,0,-1,-1,-1,-1,-1
115414064,42,4,64,19200,100,0,0,0,0,0,0,0,0,0,0,57128,58128,-1,-1,6400,-1,0,-1,-1,-1,-1,-1
115414065,42,4,65,19500,100,0,0,0,0,0,0,0,0,0,0,57129,58129,-1,-1,6500,-1,0,-1,-1,-1,-1,-1
115414066,42,4,66,19800,100,0,0,0,0,0,0,0,0,0,0,57130,58130,-1,-1,6600,-1,0,-1,-1,-1,-1,-1
115414067,42,4,67,20100,100,0,0,0,0,0,0,0,0,0,0,57131,58131,-1,-1,6700,-1,0,-1,-1,-1,-1,-1
115414068,42,4,68,20400,100,0,0,0,0,0,0,0,0,0,0,57132,58132,-1,-1,6800,-1,0,-1,-1,-1,-1,-1
115414069,42,4,69,20700,100,0,0,0,0,0,0,0,0,0,0,57133,58133,-1,-1,6900,-1,0,-1,-1,-1,-1,-1
115414070,42,4,70,21000,100,0,0,0,0,0,0,0,0,0,0,57134,58134,-1,-1,7000,-1,0,-1,-1,-1,-1,-1
115315001,43,3,1,100,100,0,0,0,0,0,0,0,0,0,0,57135,58135,-1,-1,100,-1,0,-1,-1,-1,-1,-1
115315002,43,3,2,200,100,0,0,0,0,0,0,0,0,0,0,57136,58136,-1,-1,200,-1,0,-1,-1,-1,-1,-1
115315003,43,3,3,300,100,0,0,0,0,0,0,0,0,0,0,57137,58137,-1,-1,300,-1,0,-1,-1,-1,-1,-1
115315004,43,3,4,400,100,0,0,0,0,0,0,0,0,0,0,57138,58138,-1,-1,400,-1,0,-1,-1,-1,-1,-1
115315005,43,3,5,500,100,0,0,0,0,0,0,0,0,0,0,57139,58139,-1,-1,500,-1,0,-1,-1,-1,-1,-1
115315006,43,3,6,600,100,0,0,0,0,0,0,0,0,0,0,57140,58140,-1,-1,600,-1,0,-1,-1,-1,-1,-1
115315007,43,3,7,700,100,0,0,0,0,0,0,0,0,0,0,57141,58141,-1,-1,700,-1,0,-1,-1,-1,-1,-1
115315008,43,3,8,800,100,0,0,0,0,0,0,0,0,0,0,57142,58142,-1,-1,800,-1,0,-1,-1,-1,-1,-1
115315009,43,3,9,900,100,0,0,0,0,0,0,0,0,0,0,57143,58143,-1,-1,900,-1,0,-1,-1,-1,-1,-1
115315010,43,3,10,1000,100,0,0,0,0,0,0,0,0,0,0,57144,58144,-1,-1,1000,-1,0,-1,-1,-1,-1,-1
115315011,43,3,11,1100,100,0,0,0,0,0,0,0,0,0,0,57145,58145,-1,-1,1100,-1,0,-1,-1,-1,-1,-1
115315012,43,3,12,1200,100,0,0,0,0,0,0,0,0,0,0,57146,58146,-1,-1,1200,-1,0,-1,-1,-1,-1,-1
115315013,43,3,13,1300,100,0,0,0,0,0,0,0,0,0,0,57147,58147,-1,-1,1300,-1,0,-1,-1,-1,-1,-1
115315014,43,3,14,1400,100,0,0,0,0,0,0,0,0,0,0,57148,58148,-1,-1,1400,-1,0,-1,-1,-1,-1,-1
115315015,43,3,15,1500,100,0,0,0,0,0,0,0,0,0,0,57149,58149,-1,-1,1500,-1,0,-1,-1,-1,-1,-1
115315016,43,3,16,1600,100,0,0,0,0,0,0,0,0,0,0,57150,58150,-1,-1,1600,-1,0,-1,-1,-1,-1,-1
115315017,43,3,17,1700,100,0,0,0,0,0,0,0,0,0,0,57151,58151,-1,-1,1700,-1,0,-1,-1,-1,-1,-1
115315018,43,3,18,1800,100,0,0,0,0,0,0,0,0,0,0,57152,58152,-1,-1,1800,-1,0,-1,-1,-1,-1,-1
115315019,43,3,19,1900,100,0,0,0,0,0,0,0,0,0,0,57153,58153,-1,-1,1900,-1,0,-1,-1,-1,-1,-1
115315020,43,3,20,2000,100,0,0,0,0,0,0,0,0,0,0,57154,58154,-1,-1,2000,-1,0,-1,-1,-1,-1,-1
115315021,43,3,21,2100,100,0,0,0,0,0,0,0,0,0,0,57155,58155,-1,-1,2100,-1,0,-1,-1,-1,-1,-1
115315022,43,3,22,2200,100,0,0,0,0,0,0,0,0,0,0,57156,58156,-1,-1,2200,-1,0,-1,-1,-1,-1,-1
115315023,43,3,23,2300,100,0,0,0,0,0,0,0,0,0,0,57157,58157,-1,-1,2300,-1,0,-1,-1,-1,-1,-1
115315024,43,3,24,2400,100,0,0,0,0,0,0,0,0,0,0,57158,58158,-1,-1,2400,-1,0,-1,-1,-1,-1,-1
115315025,43,3,25,2500,100,0,0,0,0,0,0,0,0,0,0,57159,58159,-1,-1,2500,-1,0,-1,-1,-1,-1,-1
115315026,43,3,26,2600,100,0,0,0,0,0,0,0,0,0,0,57160,58160,-1,-1,2600,-1,0,-1,-1,-1,-1,-1
115315027,43,3,27,2700,100,0,0,0,0,0,0,0,0,0,0,57161,58161,-1,-1,2700,-1,0,-1,-1,-1,-1,-1
115315028,43,3,28,2800,100,0,0,0,0,0,0,0,0,0,0,57162,58162,-1,-1,2800,-1,0,-1,-1,-1,-1,-1
115315029,43,3,29,2900,100,0,0,0,0,0,0,0,0,0,0,57163,58163,-1,-1,2900,-1,0,-1,-1,-1,-1,-1
115315030,43,3,30,3000,100,0,0,0,0,0,0,0,0,0,0,57164,58164,-1,-1,-1,-1,1,115415030,15000,-1,-1,-1
115415030,44,4,30,6000,100,0,0,0,0,0,0,0,0,0,0,57165,58165,-1,-1,3000,-1,0,-1,-1,-1,-1,-1
115415031,44,4,31,6200,100,0,0,0,0,0,0,0,0,0,0,57166,58166,-1,-1,3100,-1,0,-1,-1,-1,-1,-1
115415032,44,4,32,6400,100,0,0,0,0,0,0,0,0,0,0,57167,58167,-1,-1,3200,-1,0,-1,-1,-1,-1,-1
115415033,44,4,33,6600,100,0,0,0,0,0,0,0,0,0,0,57168,58168,-1,-1,3300,-1,0,-1,-1,-1,-1,-1
115415034,44,4,34,6800,100,0,0,0,0,0,0,0,0,0,0,57169,58169,-1,-1,3400,-1,0,-1,-1,-1,-1,-1
115415035,44,4,35,7000,100,0,0,0,0,0,0,0,0,0,0,57170,58170,-1,-1,3500,-1,0,-1,-1,-1,-1,-1
115415036,44,4,36,7200,100,0,0,0,0,0,0,0,0,0,0,57171,58171,-1,-1,3600,-1,0,-1,-1,-1,-1,-1
115415037,44,4,37,7400,100,0,0,0,0,0,0,0,0,0,0,57172,58172,-1,-1,3700,-1,0,-1,-1,-1,-1,-1
115415038,44,4,38,7600,100,0,0,0,0,0,0,0,0,0,0,57173,58173,-1,-1,3800,-1,0,-1,-1,-1,-1,-1
115415039,44,4,39,7800,100,0,0,0,0,0,0,0,0,0,0,57174,58174,-1,-1,3900,-1,0,-1,-1,-1,-1,-1
115415040,44,4,40,8000,100,0,0,0,0,0,0,0,0,0,0,57175,58175,-1,-1,4000,-1,0,-1,-1,-1,-1,-1
115415041,44,4,41,8200,100,0,0,0,0,0,0,0,0,0,0,57176,58176,-1,-1,4100,-1,0,-1,-1,-1,-1,-1
115415042,44,4,42,8400,100,0,0,0,0,0,0,0,0,0,0,57177,58177,-1,-1,4200,-1,0,-1,-1,-1,-1,-1
115415043,44,4,43,8600,100,0,0,0,0,0,0,0,0,0,0,57178,58178,-1,-1,4300,-1,0,-1,-1,-1,-1,-1
115415044,44,4,44,8800,100,0,0,0,0,0,0,0,0,0,0,57179,58179,-1,-1,4400,-1,0,-1,-1,-1,-1,-1
115415045,44,4,45,9000,100,0,0,0,0,0,0,0,0,0,0,57180,58180,-1,-1,4500,-1,0,-1,-1,-1,-1,-1
115415046,44,4,46,9200,100,0,0,0,0,0,0,0,0,0,0,57181,58181,-1,-1,4600,-1,0,-1,-1,-1,-1,-1
115415047,44,4,47,9400,100,0,0,0,0,0,0,0,0,0,0,57182,58182,-1,-1,4700,-1,0,-1,-1,-1,-1,-1
115415048,44,4,48,9600,100,0,0,0,0,0,0,0,0,0,0,57183,58183,-1,-1,4800,-1,0,-1,-1,-1,-1,-1
115415049,44,4,49,9800,100,0,0,0,0,0,0,0,0,0,0,57184,58184,-1,-1,4900,-1,0,-1,-1,-1,-1,-1
115415050,44,4,50,10000,100,0,0,0,0,0,0,0,0,0,0,57185,58185,-1,-1,5000,-1,0,-1,-1,-1,-1,-1
115415051,44,4,51,10200,100,0,0,0,0,0,0,0,0,0,0,57186,58186,-1,-1,5100,-1,0,-1,-1,-1,-1,-1
115415052,44,4,52,10400,100,0,0,0,0,0,0,0,0,0,0,57187,58187,-1,-1,5200,-1,0,-1,-1,-1,-1,-1
115415053,44,4,53,10600,100,0,0,0,0,0,0,0,0,0,0,57188,58188,-1,-1,5300,-1,0,-1,-1,-1,-1,-1
115415054,44,4,54,10800,100,0,0,0,0,0,0,0,0,0,0,57189,58189,-1,-1,5400,-1,0,-1,-1,-1,-1,-1
115415055,44,4,55,11000,100,0,0,0,0,0,0,0,0,0,0,57190,58190,-1,-1,5500,-1,0,-1,-1,-1,-1,-1
115415056,44,4,56,11200,100,0,0,0,0,0,0,0,0,0,0,57191,58191,-1,-1,5600,-1,0,-1,-1,-1,-1,-1
115415057,44,4,57,11400,100,0,0,0,0,0,0,0,0,0,0,57192,58192,-1,-1,5700,-1,0,-1,-1,-1,-1,-1
115415058,44,4,58,11600,100,0,0,0,0,0,0,0,0,0,0,57193,58193,-1,-1,5800,-1,0,-1,-1,-1,-1,-1
115415059,44,4,59,11800,100,0,0,0,0,0,0,0,0,0,0,57194,58194,-1,-1,5900,-1,0,-1,-1,-1,-1,-1
115415060,44,4,60,12000,100,0,0,0,0,0,0,0,0,0,0,57195,58195,-1,-1,-1,-1,1,115515060,30000,-1,-1,-1
115515060,45,5,60,18000,100,0,0,0,0,0,0,0,0,0,0,57196,58196,-1,-1,6000,-1,0,-1,-1,-1,-1,-1
115515061,45,5,61,18300,100,0,0,0,0,0,0,0,0,0,0,57197,58197,-1,-1,6100,-1,0,-1,-1,-1,-1,-1
115515062,45,5,62,18600,100,0,0,0,0,0,0,0,0,0,0,57198,58198,-1,-1,6200,-1,0,-1,-1,-1,-1,-1
115515063,45,5,63,18900,100,0,0,0,0,0,0,0,0,0,0,57199,58199,-1,-1,6300,-1,0,-1,-1,-1,-1,-1
115515064,45,5,64,19200,100,0,0,0,0,0,0,0,0,0,0,57200,58200,-1,-1,6400,-1,0,-1,-1,-1,-1,-1
115515065,45,5,65,19500,100,0,0,0,0,0,0,0,0,0,0,57201,58201,-1,-1,6500,-1,0,-1,-1,-1,-1,-1
115515066,45,5,66,19800,100,0,0,0,0,0,0,0,0,0,0,57202,58202,-1,-1,6600,-1,0,-1,-1,-1,-1,-1
115515067,45,5,67,20100,100,0,0,0,0,0,0,0,0,0,0,57203,58203,-1,-1,6700,-1,0,-1,-1,-1,-1,-1
115515068,45,5,68,20400,100,0,0,0,0,0,0,0,0,0,0,57204,58204,-1,-1,6800,-1,0,-1,-1,-1,-1,-1
115515069,45,5,69,20700,100,0,0,0,0,0,0,0,0,0,0,57205,58205,-1,-1,6900,-1,0,-1,-1,-1,-1,-1
115515070,45,5,70,21000,100,0,0,0,0,0,0,0,0,0,0,57206,58206,-1,-1,7000,-1,0,-1,-1,-1,-1,-1
115515071,45,5,71,21300,100,0,0,0,0,0,0,0,0,0,0,57207,58207,-1,-1,7100,-1,0,-1,-1,-1,-1,-1
115515072,45,5,72,21600,100,0,0,0,0,0,0,0,0,0,0,57208,58208,-1,-1,7200,-1,0,-1,-1,-1,-1,-1
115515073,45,5,73,21900,100,0,0,0,0,0,0,0,0,0,0,57209,58209,-1,-1,7300,-1,0,-1,-1,-1,-1,-1
115515074,45,5,74,22200,100,0,0,0,0,0,0,0,0,0,0,57210,58210,-1,-1,7400,-1,0,-1,-1,-1,-1,-1
115515075,45,5,75,22500,100,0,0,0,0,0,0,0,0,0,0,57211,58211,-1,-1,7500,-1,0,-1,-1,-1,-1,-1
115515076,45,5,76,22800,100,0,0,0,0,0,0,0,0,0,0,57212,58212,-1,-1,7600,-1,0,-1,-1,-1,-1,-1
115515077,45,5,77,23100,100,0,0,0,0,0,0,0,0,0,0,57213,58213,-1,-1,7700,-1,0,-1,-1,-1,-1,-1
115515078,45,5,78,23400,100,0,0,0,0,0,0,0,0,0,0,57214,58214,-1,-1,7800,-1,0,-1,-1,-1,-1,-1
115515079,45,5,79,23700,100,0,0,0,0,0,0,0,0,0,0,57215,58215,-1,-1,7900,-1,0,-1,-1,-1,-1,-1
115515080,45,5,80,24000,100,0,0,0,0,0,0,0,0,0,0,57216,58216,-1,-1,8000,-1,0,-1,-1,-1,-1,-1
